Item Number,Type,Primary Region,Side,Name,Other Regions,Symmetric Item Number,l_tmj_tension,r_tmj_tension,l_jaw_position,r_jaw_position,l_head_weight,r_head_weight,head_tilt_sagittal,l_ear_shoulder,r_ear_shoulder,l_neck_tilt,r_neck_tilt,l_neck_rotation,r_neck_rotation,neck_forward,l_shoulder_height,r_shoulder_height,l_shoulder_forward,r_shoulder_forward,l_scapula_position,r_scapula_position,l_scapula_winging,r_scapula_winging,l_pec_tension,r_pec_tension,l_ribcage_position,r_ribcage_position,l_breathing_pattern,r_breathing_pattern,l_thoracic_rotation,r_thoracic_rotation,l_thoracic_tension,r_thoracic_tension,l_thoracic_flexibility,r_thoracic_flexibility,thoracic_curve,spine_curve_coronal,l_lumbar_tension,r_lumbar_tension,l_lumbar_rotation,r_lumbar_rotation,l_lumbar_sidebend,r_lumbar_sidebend,lumbar_curve,l_upper_abs,r_upper_abs,l_lower_abs,r_lower_abs,l_obliques,r_obliques,l_si_joint,r_si_joint,l_psis_height,r_psis_height,l_asis_height,r_asis_height,l_hip_rotation,r_hip_rotation,l_hip_height,r_hip_height,l_hip_shift,r_hip_shift,l_glute_tone,r_glute_tone,l_hip_flexor,r_hip_flexor,l_knee_alignment,r_knee_alignment,l_knee_rotation,r_knee_rotation,l_patella_tracking,r_patella_tracking,l_knee_hyperext,r_knee_hyperext,l_q_angle,r_q_angle,l_ankle_position,r_ankle_position,l_arch_height,r_arch_height,l_foot_rotation,r_foot_rotation,l_toe_position,r_toe_position,l_heel_callus,l_heel_callus_pos,r_heel_callus,r_heel_callus_pos,l_forefoot_callus,l_forefoot_callus_pos,r_forefoot_callus,r_forefoot_callus_pos,l_heel_pressure,r_heel_pressure,l_forefoot_pressure,r_forefoot_pressure,l_lateral_pressure,r_lateral_pressure,l_medial_pressure,r_medial_pressure,l_single_leg,r_single_leg,l_weight_shift,r_weight_shift,l_arm_raising,r_arm_raising,squat_symmetry,gait_symmetry,l_upper_pain,r_upper_pain,l_lower_pain,r_lower_pain
1,MUSCLE,1,Left,Masseter,[],2,8,2,0,0,0,0,0,0,0,,,,,,,,,,,,,,,,,,,,,,,,,,,,,,,,,,,,,,,,,,,,,,,,,,,,,,,,,,,,,,,,,,,,,,,,,,,,,,,,,,,,,,,,,,,0,0,0,0,0,0,0,0,-8,0,0,0
2,MUSCLE,1,Right,Masseter,[],1,2,8,0,0,0,0,0,0,0,,,,,,,,,,,,,,,,,,,,,,,,,,,,,,,,,,,,,,,,,,,,,,,,,,,,,,,,,,,,,,,,,,,,,,,,,,,,,,,,,,,,,,,,,,,0,0,0,0,0,0,0,0,0,-8,0,0
3,MUSCLE,1,Left,Temporalis,[],4,8,2,8,2,0,0,0,0,0,,,,,,,,,,,,,,,,,,,,,,,,,,,,,,,,,,,,,,,,,,,,,,,,,,,,,,,,,,,,,,,,,,,,,,,,,,,,,,,,,,,,,,,,,,,0,0,0,0,0,0,0,0,-8,0,0,0
4,MUSCLE,1,Right,Temporalis,[],3,2,8,2,8,0,0,0,0,0,,,,,,,,,,,,,,,,,,,,,,,,,,,,,,,,,,,,,,,,,,,,,,,,,,,,,,,,,,,,,,,,,,,,,,,,,,,,,,,,,,,,,,,,,,,0,0,0,0,0,0,0,0,0,-8,0,0
5,MUSCLE,1,Left,Medial Pterygoid,[],6,8,2,-4,-1,0,0,0,0,0,,,,,,,,,,,,,,,,,,,,,,,,,,,,,,,,,,,,,,,,,,,,,,,,,,,,,,,,,,,,,,,,,,,,,,,,,,,,,,,,,,,,,,,,,,,0,0,0,0,0,0,0,0,-8,0,0,0
6,MUSCLE,1,Right,Medial Pterygoid,[],5,2,8,-1,-4,0,0,0,0,0,,,,,,,,,,,,,,,,,,,,,,,,,,,,,,,,,,,,,,,,,,,,,,,,,,,,,,,,,,,,,,,,,,,,,,,,,,,,,,,,,,,,,,,,,,,0,0,0,0,0,0,0,0,0,-8,0,0
7,MUSCLE,1,Left,Lateral Pterygoid,[],8,-8,-2,-8,-2,0,0,0,2,1,,,,,,,,,,,,,,,,,,,,,,,,,,,,,,,,,,,,,,,,,,,,,,,,,,,,,,,,,,,,,,,,,,,,,,,,,,,,,,,,,,,,,,,,,,,0,0,0,0,0,0,0,0,-8,0,0,0
8,MUSCLE,1,Right,Lateral Pterygoid,[],7,-2,-8,-2,-8,0,0,0,1,2,,,,,,,,,,,,,,,,,,,,,,,,,,,,,,,,,,,,,,,,,,,,,,,,,,,,,,,,,,,,,,,,,,,,,,,,,,,,,,,,,,,,,,,,,,,0,0,0,0,0,0,0,0,0,-8,0,0
9,MUSCLE,1,Left,Digastric,[2],10,-8,-2,2,1,0,0,0,0,0,,,,,,,,,,,,,,,,,,,,,,,,,,,,,,,,,,,,,,,,,,,,,,,,,,,,,,,,,,,,,,,,,,,,,,,,,,,,,,,,,,,,,,,,,,,0,0,0,0,0,0,0,0,-8,0,0,0
10,MUSCLE,1,Right,Digastric,[2],9,-2,-8,1,2,0,0,0,0,0,,,,,,,,,,,,,,,,,,,,,,,,,,,,,,,,,,,,,,,,,,,,,,,,,,,,,,,,,,,,,,,,,,,,,,,,,,,,,,,,,,,,,,,,,,,0,0,0,0,0,0,0,0,0,-8,0,0
11,MUSCLE,1,Left,Mylohyoid,[2],12,-5,0,0,0,0,0,0,0,0,,,,,,,,,,,,,,,,,,,,,,,,,,,,,,,,,,,,,,,,,,,,,,,,,,,,,,,,,,,,,,,,,,,,,,,,,,,,,,,,,,,,,,,,,,,0,0,0,0,0,0,0,0,-8,0,0,0
12,MUSCLE,1,Right,Mylohyoid,[2],11,0,-5,0,0,0,0,0,0,0,,,,,,,,,,,,,,,,,,,,,,,,,,,,,,,,,,,,,,,,,,,,,,,,,,,,,,,,,,,,,,,,,,,,,,,,,,,,,,,,,,,,,,,,,,,0,0,0,0,0,0,0,0,0,-8,0,0
13,MUSCLE,1,Left,Stylohyoid,[2],14,-5,0,0,0,0,0,0,0,0,,,,,,,,,,,,,,,,,,,,,,,,,,,,,,,,,,,,,,,,,,,,,,,,,,,,,,,,,,,,,,,,,,,,,,,,,,,,,,,,,,,,,,,,,,,0,0,0,0,0,0,0,0,-8,0,0,0
14,MUSCLE,1,Right,Stylohyoid,[2],13,0,-5,0,0,0,0,0,0,0,,,,,,,,,,,,,,,,,,,,,,,,,,,,,,,,,,,,,,,,,,,,,,,,,,,,,,,,,,,,,,,,,,,,,,,,,,,,,,,,,,,,,,,,,,,0,0,0,0,0,0,0,0,0,-8,0,0
15,MUSCLE,1,Left,Sternohyoid,[2],16,0,0,0,0,-5,0,5,0,0,,,,,,,,,,,,,,,,,,,,,,,,,,,,,,,,,,,,,,,,,,,,,,,,,,,,,,,,,,,,,,,,,,,,,,,,,,,,,,,,,,,,,,,,,,,0,0,0,0,0,0,0,0,-8,0,0,0
16,MUSCLE,1,Right,Sternohyoid,[2],15,0,0,0,0,0,-5,5,0,0,,,,,,,,,,,,,,,,,,,,,,,,,,,,,,,,,,,,,,,,,,,,,,,,,,,,,,,,,,,,,,,,,,,,,,,,,,,,,,,,,,,,,,,,,,,0,0,0,0,0,0,0,0,0,-8,0,0
17,MUSCLE,1,Left,Sternothyroid,[2],18,0,0,0,0,-5,0,5,0,0,,,,,,,,,,,,,,,,,,,,,,,,,,,,,,,,,,,,,,,,,,,,,,,,,,,,,,,,,,,,,,,,,,,,,,,,,,,,,,,,,,,,,,,,,,,0,0,0,0,0,0,0,0,-8,0,0,0
18,MUSCLE,1,Right,Sternothyroid,[2],17,0,0,0,0,0,-5,5,0,0,,,,,,,,,,,,,,,,,,,,,,,,,,,,,,,,,,,,,,,,,,,,,,,,,,,,,,,,,,,,,,,,,,,,,,,,,,,,,,,,,,,,,,,,,,,0,0,0,0,0,0,0,0,0,-8,0,0
19,MUSCLE,1,Left,Omohyoid,[2],20,0,0,0,0,-5,0,5,5,0,,,,,,,,,,,,,,,,,,,,,,,,,,,,,,,,,,,,,,,,,,,,,,,,,,,,,,,,,,,,,,,,,,,,,,,,,,,,,,,,,,,,,,,,,,,0,0,0,0,0,0,0,0,-8,0,0,0
20,MUSCLE,1,Right,Omohyoid,[2],19,0,0,0,0,0,-5,5,0,5,,,,,,,,,,,,,,,,,,,,,,,,,,,,,,,,,,,,,,,,,,,,,,,,,,,,,,,,,,,,,,,,,,,,,,,,,,,,,,,,,,,,,,,,,,,0,0,0,0,0,0,0,0,0,-8,0,0
21,MUSCLE,1,Left,Thyrohyoid,[2],22,0,0,0,0,-5,0,5,0,0,,,,,,,,,,,,,,,,,,,,,,,,,,,,,,,,,,,,,,,,,,,,,,,,,,,,,,,,,,,,,,,,,,,,,,,,,,,,,,,,,,,,,,,,,,,0,0,0,0,0,0,0,0,-8,0,0,0
22,MUSCLE,1,Right,Thyrohyoid,[2],21,0,0,0,0,0,-5,5,0,0,,,,,,,,,,,,,,,,,,,,,,,,,,,,,,,,,,,,,,,,,,,,,,,,,,,,,,,,,,,,,,,,,,,,,,,,,,,,,,,,,,,,,,,,,,,0,0,0,0,0,0,0,0,0,-8,0,0
23,FASCIA,1,Left,Temporalis Fascia,[],24,4,1,4,1,0,0,0,0,0,,,,,,,,,,,,,,,,,,,,,,,,,,,,,,,,,,,,,,,,,,,,,,,,,,,,,,,,,,,,,,,,,,,,,,,,,,,,,,,,,,,,,,,,,,,0,0,0,0,0,0,0,0,-8,0,0,0
24,FASCIA,1,Right,Temporalis Fascia,[],23,1,4,1,4,0,0,0,0,0,,,,,,,,,,,,,,,,,,,,,,,,,,,,,,,,,,,,,,,,,,,,,,,,,,,,,,,,,,,,,,,,,,,,,,,,,,,,,,,,,,,,,,,,,,,0,0,0,0,0,0,0,0,0,-8,0,0
25,FASCIA,1,Left,Superficial Fascia of Face/Scalp,[],26,5,0,0,0,0,0,0,0,0,,,,,,,,,,,,,,,,,,,,,,,,,,,,,,,,,,,,,,,,,,,,,,,,,,,,,,,,,,,,,,,,,,,,,,,,,,,,,,,,,,,,,,,,,,,0,0,0,0,0,0,0,0,-8,0,0,0
26,FASCIA,1,Right,Superficial Fascia of Face/Scalp,[],25,0,5,0,0,0,0,0,0,0,,,,,,,,,,,,,,,,,,,,,,,,,,,,,,,,,,,,,,,,,,,,,,,,,,,,,,,,,,,,,,,,,,,,,,,,,,,,,,,,,,,,,,,,,,,0,0,0,0,0,0,0,0,0,-8,0,0
27,MUSCLE,2,Left,Longus Capitis,[],28,0,0,0,0,-4,0,6,8,0,6,-1,-4,-1,8,,,,,,,,,,,,,,,,,,,,,,,,,,,,,,,,,,,,,,,,,,,,,,,,,,,,,,,,,,,,,,,,,,,,,,,,,,,,,,,,,,,,,,0,0,0,0,0,0,0,0,-8,0,0,0
28,MUSCLE,2,Right,Longus Capitis,[],27,0,0,0,0,0,-4,6,0,8,-1,6,-1,-4,8,,,,,,,,,,,,,,,,,,,,,,,,,,,,,,,,,,,,,,,,,,,,,,,,,,,,,,,,,,,,,,,,,,,,,,,,,,,,,,,,,,,,,,0,0,0,0,0,0,0,0,0,-8,0,0
29,MUSCLE,2,Left,Longus Colli,[],30,,,,,,,,,,6,-1,-4,-1,8,,,,,,,,,,,,,,,,,,,,,,,,,,,,,,,,,,,,,,,,,,,,,,,,,,,,,,,,,,,,,,,,,,,,,,,,,,,,,,,,,,,,,,0,0,0,0,0,0,0,0,-8,0,0,0
30,MUSCLE,2,Right,Longus Colli,[],29,,,,,,,,,,-1,6,-1,-4,8,,,,,,,,,,,,,,,,,,,,,,,,,,,,,,,,,,,,,,,,,,,,,,,,,,,,,,,,,,,,,,,,,,,,,,,,,,,,,,,,,,,,,,0,0,0,0,0,0,0,0,0,-8,0,0
31,MUSCLE,2,Left,Rectus Capitis Anterior,[],32,,,,,,,,,,6,-1,-4,-1,8,,,,,,,,,,,,,,,,,,,,,,,,,,,,,,,,,,,,,,,,,,,,,,,,,,,,,,,,,,,,,,,,,,,,,,,,,,,,,,,,,,,,,,0,0,0,0,0,0,0,0,-8,0,0,0
32,MUSCLE,2,Right,Rectus Capitis Anterior,[],31,,,,,,,,,,-1,6,-1,-4,8,,,,,,,,,,,,,,,,,,,,,,,,,,,,,,,,,,,,,,,,,,,,,,,,,,,,,,,,,,,,,,,,,,,,,,,,,,,,,,,,,,,,,,0,0,0,0,0,0,0,0,0,-8,0,0
33,MUSCLE,2,Left,Sternocleidomastoid,[1 ; 4],34,0,0,0,0,-10,0,10,10,0,8,-2,8,-2,6,,,,,,,,,,,,,,,,,,,,,,,,,,,,,,,,,,,,,,,,,,,,,,,,,,,,,,,,,,,,,,,,,,,,,,,,,,,,,,,,,,,,,,0,0,0,0,0,0,0,0,-8,0,0,0
34,MUSCLE,2,Right,Sternocleidomastoid,[1 ; 4],33,0,0,0,0,0,-10,10,0,10,-2,8,-2,8,6,,,,,,,,,,,,,,,,,,,,,,,,,,,,,,,,,,,,,,,,,,,,,,,,,,,,,,,,,,,,,,,,,,,,,,,,,,,,,,,,,,,,,,0,0,0,0,0,0,0,0,0,-8,0,0
35,MUSCLE,2,Left,Scalenes (Anterior),[4],36,,,,,,,,,,6,-1,4,-1,4,,,,,,,,,,,,,,,,,,,,,,,,,,,,,,,,,,,,,,,,,,,,,,,,,,,,,,,,,,,,,,,,,,,,,,,,,,,,,,,,,,,,,,0,0,0,0,0,0,0,0,-8,0,0,0
36,MUSCLE,2,Right,Scalenes (Anterior),[4],35,,,,,,,,,,-1,6,-1,4,4,,,,,,,,,,,,,,,,,,,,,,,,,,,,,,,,,,,,,,,,,,,,,,,,,,,,,,,,,,,,,,,,,,,,,,,,,,,,,,,,,,,,,,0,0,0,0,0,0,0,0,0,-8,0,0
37,MUSCLE,2,Left,Scalenes (Middle),[4],38,,,,,,,,,,6,-1,4,-1,4,,,,,,,,,,,,,,,,,,,,,,,,,,,,,,,,,,,,,,,,,,,,,,,,,,,,,,,,,,,,,,,,,,,,,,,,,,,,,,,,,,,,,,0,0,0,0,0,0,0,0,-8,0,0,0
38,MUSCLE,2,Right,Scalenes (Middle),[4],37,,,,,,,,,,-1,6,-1,4,4,,,,,,,,,,,,,,,,,,,,,,,,,,,,,,,,,,,,,,,,,,,,,,,,,,,,,,,,,,,,,,,,,,,,,,,,,,,,,,,,,,,,,,0,0,0,0,0,0,0,0,0,-8,0,0
39,MUSCLE,2,Left,Scalenes (Posterior),[4],40,,,,,,,,,,6,-1,4,-1,4,,,,,,,,,,,,,,,,,,,,,,,,,,,,,,,,,,,,,,,,,,,,,,,,,,,,,,,,,,,,,,,,,,,,,,,,,,,,,,,,,,,,,,0,0,0,0,0,0,0,0,-8,0,0,0
40,MUSCLE,2,Right,Scalenes (Posterior),[4],39,,,,,,,,,,-1,6,-1,4,4,,,,,,,,,,,,,,,,,,,,,,,,,,,,,,,,,,,,,,,,,,,,,,,,,,,,,,,,,,,,,,,,,,,,,,,,,,,,,,,,,,,,,,0,0,0,0,0,0,0,0,0,-8,0,0
41,MUSCLE,2,Left,Rectus Capitis Posterior Major,[1],42,,,,,,,,,,-6,1,-8,2,-4,,,,,,,,,,,,,,,,,,,,,,,,,,,,,,,,,,,,,,,,,,,,,,,,,,,,,,,,,,,,,,,,,,,,,,,,,,,,,,,,,,,,,,0,0,0,0,0,0,0,0,-8,0,0,0
42,MUSCLE,2,Right,Rectus Capitis Posterior Major,[1],41,,,,,,,,,,1,-6,2,-8,-4,,,,,,,,,,,,,,,,,,,,,,,,,,,,,,,,,,,,,,,,,,,,,,,,,,,,,,,,,,,,,,,,,,,,,,,,,,,,,,,,,,,,,,0,0,0,0,0,0,0,0,0,-8,0,0
43,MUSCLE,2,Left,Rectus Capitis Posterior Minor,[1],44,,,,,,,,,,-6,1,-8,2,-4,,,,,,,,,,,,,,,,,,,,,,,,,,,,,,,,,,,,,,,,,,,,,,,,,,,,,,,,,,,,,,,,,,,,,,,,,,,,,,,,,,,,,,0,0,0,0,0,0,0,0,-8,0,0,0
44,MUSCLE,2,Right,Rectus Capitis Posterior Minor,[1],43,,,,,,,,,,1,-6,2,-8,-4,,,,,,,,,,,,,,,,,,,,,,,,,,,,,,,,,,,,,,,,,,,,,,,,,,,,,,,,,,,,,,,,,,,,,,,,,,,,,,,,,,,,,,0,0,0,0,0,0,0,0,0,-8,0,0
45,MUSCLE,2,Left,Obliquus Capitis Superior,[1],46,,,,,,,,,,-6,1,-8,2,-4,,,,,,,,,,,,,,,,,,,,,,,,,,,,,,,,,,,,,,,,,,,,,,,,,,,,,,,,,,,,,,,,,,,,,,,,,,,,,,,,,,,,,,0,0,0,0,0,0,0,0,-8,0,0,0
46,MUSCLE,2,Right,Obliquus Capitis Superior,[1],45,,,,,,,,,,1,-6,2,-8,-4,,,,,,,,,,,,,,,,,,,,,,,,,,,,,,,,,,,,,,,,,,,,,,,,,,,,,,,,,,,,,,,,,,,,,,,,,,,,,,,,,,,,,,0,0,0,0,0,0,0,0,0,-8,0,0
47,MUSCLE,2,Left,Obliquus Capitis Inferior,[],48,,,,,,,,,,-6,1,-8,2,-4,,,,,,,,,,,,,,,,,,,,,,,,,,,,,,,,,,,,,,,,,,,,,,,,,,,,,,,,,,,,,,,,,,,,,,,,,,,,,,,,,,,,,,0,0,0,0,0,0,0,0,-8,0,0,0
48,MUSCLE,2,Right,Obliquus Capitis Inferior,[],47,,,,,,,,,,1,-6,2,-8,-4,,,,,,,,,,,,,,,,,,,,,,,,,,,,,,,,,,,,,,,,,,,,,,,,,,,,,,,,,,,,,,,,,,,,,,,,,,,,,,,,,,,,,,0,0,0,0,0,0,0,0,0,-8,0,0
49,MUSCLE,2,Left,Splenius Capitis,[],50,,,,,,,,,,-6,1,-8,2,-4,,,,,,,,,,,,,,,,,,,,,,,,,,,,,,,,,,,,,,,,,,,,,,,,,,,,,,,,,,,,,,,,,,,,,,,,,,,,,,,,,,,,,,0,0,0,0,0,0,0,0,-8,0,0,0
50,MUSCLE,2,Right,Splenius Capitis,[],49,,,,,,,,,,1,-6,2,-8,-4,,,,,,,,,,,,,,,,,,,,,,,,,,,,,,,,,,,,,,,,,,,,,,,,,,,,,,,,,,,,,,,,,,,,,,,,,,,,,,,,,,,,,,0,0,0,0,0,0,0,0,0,-8,0,0
51,MUSCLE,2,Left,Splenius Cervicis,[],52,,,,,,,,,,-6,1,-8,2,-4,,,,,,,,,,,,,,,,,,,,,,,,,,,,,,,,,,,,,,,,,,,,,,,,,,,,,,,,,,,,,,,,,,,,,,,,,,,,,,,,,,,,,,0,0,0,0,0,0,0,0,-8,0,0,0
52,MUSCLE,2,Right,Splenius Cervicis,[],51,,,,,,,,,,1,-6,2,-8,-4,,,,,,,,,,,,,,,,,,,,,,,,,,,,,,,,,,,,,,,,,,,,,,,,,,,,,,,,,,,,,,,,,,,,,,,,,,,,,,,,,,,,,,0,0,0,0,0,0,0,0,0,-8,0,0
53,MUSCLE,2,Left,Levator Scapulae,[3],54,,,,,,,,,,4,-1,2,-1,2,-5,0,0,0,0,0,0,0,,,,,,,,,,,,,,,,,,,,,,,,,,,,,,,,,,,,,,,,,,,,,,,,,,,,,,,,,,,,,,,,,,,,,,,,,,,,,,0,0,0,0,4,0,0,0,-8,0,0,0
54,MUSCLE,2,Right,Levator Scapulae,[3],53,,,,,,,,,,-1,4,-1,2,2,0,-5,0,0,0,0,0,0,,,,,,,,,,,,,,,,,,,,,,,,,,,,,,,,,,,,,,,,,,,,,,,,,,,,,,,,,,,,,,,,,,,,,,,,,,,,,,0,0,0,0,0,4,0,0,0,-8,0,0
55,MUSCLE,2,Left,Upper Trapezius,[1;3],56,,,,,,,,,,4,-1,2,-1,2,-5,0,0,0,0,0,0,0,,,,,,,,,,,,,,,,,,,,,,,,,,,,,,,,,,,,,,,,,,,,,,,,,,,,,,,,,,,,,,,,,,,,,,,,,,,,,,0,0,0,0,5,0,0,0,-8,0,0,0
56,MUSCLE,2,Right,Upper Trapezius,[1;3],55,,,,,,,,,,-1,4,-1,2,2,0,-5,0,0,0,0,0,0,,,,,,,,,,,,,,,,,,,,,,,,,,,,,,,,,,,,,,,,,,,,,,,,,,,,,,,,,,,,,,,,,,,,,,,,,,,,,,0,0,0,0,0,5,0,0,0,-8,0,0
57,FASCIA,2,Center,Nuchal Ligament,[],,,,,,,,,,,0,0,0,0,0,5,0,5,0,-5,0,3,0,,,,,,,,,,,,,,,,,,,,,,,,,,,,,,,,,,,,,,,,,,,,,,,,,,,,,,,,,,,,,,,,,,,,,,,,,,,,,,0,0,0,0,0,0,0,0,-5,-5,0,0
58,FASCIA,2,Left,Prevertebral Fascia,[],59,,,,,,,,,,0,0,0,0,0,0,5,0,5,0,-5,0,3,,,,,,,,,,,,,,,,,,,,,,,,,,,,,,,,,,,,,,,,,,,,,,,,,,,,,,,,,,,,,,,,,,,,,,,,,,,,,,0,0,0,0,0,0,0,0,-8,0,0,0
59,FASCIA,2,Right,Prevertebral Fascia,[],58,,,,,,,,,,0,0,0,0,0,-5,0,5,0,-5,0,0,0,,,,,,,,,,,,,,,,,,,,,,,,,,,,,,,,,,,,,,,,,,,,,,,,,,,,,,,,,,,,,,,,,,,,,,,,,,,,,,0,0,0,0,0,0,0,0,0,-8,0,0
60,FASCIA,2,Left,Suboccipital Fascia,[],61,,,,,,,,,,0,0,0,0,0,0,-5,0,5,0,-5,0,0,,,,,,,,,,,,,,,,,,,,,,,,,,,,,,,,,,,,,,,,,,,,,,,,,,,,,,,,,,,,,,,,,,,,,,,,,,,,,,0,0,0,0,0,0,0,0,-8,0,0,0
61,FASCIA,2,Right,Suboccipital Fascia,[],60,,,,,,,,,,0,0,0,0,0,-5,0,5,0,-5,0,0,0,,,,,,,,,,,,,,,,,,,,,,,,,,,,,,,,,,,,,,,,,,,,,,,,,,,,,,,,,,,,,,,,,,,,,,,,,,,,,,0,0,0,0,0,0,0,0,0,-8,0,0
62,MUSCLE,3,Left,Middle Trapezius,[4],63,,,,,,,,,,,,,,,0,0,6,0,-8,0,0,0,,,,,,,,,,,,,,,,,,,,,,,,,,,,,,,,,,,,,,,,,,,,,,,,,,,,,,,,,,,,,,,,,,,,,,,,,,,,,,0,0,0,0,6,0,0,0,-8,0,0,0
63,MUSCLE,3,Right,Middle Trapezius,[4],62,,,,,,,,,,,,,,,0,0,0,6,0,-8,0,0,,,,,,,,,,,,,,,,,,,,,,,,,,,,,,,,,,,,,,,,,,,,,,,,,,,,,,,,,,,,,,,,,,,,,,,,,,,,,,0,0,0,0,0,6,0,0,0,-8,0,0
64,MUSCLE,3,Left,Lower Trapezius,[4],65,,,,,,,,,,,,,,,6,0,4,0,-6,0,-2,0,,,,,,,,,,,,,,,,,,,,,,,,,,,,,,,,,,,,,,,,,,,,,,,,,,,,,,,,,,,,,,,,,,,,,,,,,,,,,,0,0,0,0,6,0,0,0,-8,0,0,0
65,MUSCLE,3,Right,Lower Trapezius,[4],64,,,,,,,,,,,,,,,0,6,0,4,0,-6,0,-2,,,,,,,,,,,,,,,,,,,,,,,,,,,,,,,,,,,,,,,,,,,,,,,,,,,,,,,,,,,,,,,,,,,,,,,,,,,,,,0,0,0,0,0,6,0,0,0,-8,0,0
66,MUSCLE,3,Left,Rhomboid Major,[4],67,,,,,,,,,,,,,,,-2,0,5,0,-7,0,0,0,,,,,,,,,,,,,,,,,,,,,,,,,,,,,,,,,,,,,,,,,,,,,,,,,,,,,,,,,,,,,,,,,,,,,,,,,,,,,,0,0,0,0,5,0,0,0,-8,0,0,0
67,MUSCLE,3,Right,Rhomboid Major,[4],66,,,,,,,,,,,,,,,0,-2,0,5,0,-7,0,0,,,,,,,,,,,,,,,,,,,,,,,,,,,,,,,,,,,,,,,,,,,,,,,,,,,,,,,,,,,,,,,,,,,,,,,,,,,,,,0,0,0,0,0,5,0,0,0,-8,0,0
68,MUSCLE,3,Left,Rhomboid Minor,[2;4],69,,,,,,,,,,,,,,,-1,0,4,0,-6,0,0,0,,,,,,,,,,,,,,,,,,,,,,,,,,,,,,,,,,,,,,,,,,,,,,,,,,,,,,,,,,,,,,,,,,,,,,,,,,,,,,0,0,0,0,5,0,0,0,-8,0,0,0
69,MUSCLE,3,Right,Rhomboid Minor,[2;4],68,,,,,,,,,,,,,,,0,-1,0,4,0,-6,0,0,,,,,,,,,,,,,,,,,,,,,,,,,,,,,,,,,,,,,,,,,,,,,,,,,,,,,,,,,,,,,,,,,,,,,,,,,,,,,,0,0,0,0,0,5,0,0,0,-8,0,0
70,MUSCLE,3,Left,Serratus Anterior,[4],71,,,,,,,,,,,,,,,0,0,-6,0,8,0,9,0,0,0,-5,0,5,0,0,0,0,0,0,0,0,0,,,,,,,,,,,,,,,,,,,,,,,,,,,,,,,,,,,,,,,,,,,,,,,,,,,,,,,,,,,,,,,,0,0,0,0,7,0,0,0,-8,0,0,0
71,MUSCLE,3,Right,Serratus Anterior,[4],70,,,,,,,,,,,,,,,0,0,0,-6,0,8,0,9,0,0,0,-5,0,5,0,0,0,0,0,0,0,0,,,,,,,,,,,,,,,,,,,,,,,,,,,,,,,,,,,,,,,,,,,,,,,,,,,,,,,,,,,,,,,,0,0,0,0,0,7,0,0,0,-8,0,0
72,MUSCLE,3,Left,Supraspinatus,[],73,,,,,,,,,,,,,,,-3,0,0,0,0,0,0,0,,,,,,,,,,,,,,,,,,,,,,,,,,,,,,,,,,,,,,,,,,,,,,,,,,,,,,,,,,,,,,,,,,,,,,,,,,,,,,0,0,0,0,8,0,0,0,-8,0,0,0
73,MUSCLE,3,Right,Supraspinatus,[],72,,,,,,,,,,,,,,,0,-3,0,0,0,0,0,0,,,,,,,,,,,,,,,,,,,,,,,,,,,,,,,,,,,,,,,,,,,,,,,,,,,,,,,,,,,,,,,,,,,,,,,,,,,,,,0,0,0,0,0,8,0,0,0,-8,0,0
74,MUSCLE,3,Left,Infraspinatus,[],75,,,,,,,,,,,,,,,0,0,4,0,0,0,0,0,,,,,,,,,,,,,,,,,,,,,,,,,,,,,,,,,,,,,,,,,,,,,,,,,,,,,,,,,,,,,,,,,,,,,,,,,,,,,,0,0,0,0,6,0,0,0,-8,0,0,0
75,MUSCLE,3,Right,Infraspinatus,[],74,,,,,,,,,,,,,,,0,0,0,4,0,0,0,0,,,,,,,,,,,,,,,,,,,,,,,,,,,,,,,,,,,,,,,,,,,,,,,,,,,,,,,,,,,,,,,,,,,,,,,,,,,,,,0,0,0,0,0,6,0,0,0,-8,0,0
76,MUSCLE,3,Left,Teres Minor,[],77,,,,,,,,,,,,,,,0,0,3,0,0,0,0,0,,,,,,,,,,,,,,,,,,,,,,,,,,,,,,,,,,,,,,,,,,,,,,,,,,,,,,,,,,,,,,,,,,,,,,,,,,,,,,0,0,0,0,5,0,0,0,-8,0,0,0
77,MUSCLE,3,Right,Teres Minor,[],76,,,,,,,,,,,,,,,0,0,0,3,0,0,0,0,,,,,,,,,,,,,,,,,,,,,,,,,,,,,,,,,,,,,,,,,,,,,,,,,,,,,,,,,,,,,,,,,,,,,,,,,,,,,,0,0,0,0,0,5,0,0,0,-8,0,0
78,MUSCLE,3,Left,Subscapularis,[],79,,,,,,,,,,,,,,,0,0,-5,0,0,0,0,0,,,,,,,,,,,,,,,,,,,,,,,,,,,,,,,,,,,,,,,,,,,,,,,,,,,,,,,,,,,,,,,,,,,,,,,,,,,,,,0,0,0,0,4,0,0,0,-8,0,0,0
79,MUSCLE,3,Right,Subscapularis,[],78,,,,,,,,,,,,,,,0,0,0,-5,0,0,0,0,,,,,,,,,,,,,,,,,,,,,,,,,,,,,,,,,,,,,,,,,,,,,,,,,,,,,,,,,,,,,,,,,,,,,,,,,,,,,,0,0,0,0,0,4,0,0,0,-8,0,0
80,MUSCLE,3,Left,Pectoralis Minor,[4],81,,,,,,,,,,,,,,,5,0,-7,0,6,0,0,0,5,0,0,0,3,0,0,0,0,0,0,0,-3,0,,,,,,,,,,,,,,,,,,,,,,,,,,,,,,,,,,,,,,,,,,,,,,,,,,,,,,,,,,,,,,,,0,0,0,0,-3,0,0,0,-8,0,0,0
81,MUSCLE,3,Right,Pectoralis Minor,[4],80,,,,,,,,,,,,,,,0,5,0,-7,0,6,0,0,0,5,0,0,0,3,0,0,0,0,0,0,-3,0,,,,,,,,,,,,,,,,,,,,,,,,,,,,,,,,,,,,,,,,,,,,,,,,,,,,,,,,,,,,,,,,0,0,0,0,0,-3,0,0,0,-8,0,0
82,MUSCLE,3,Left,Pectoralis Major,[4;5],83,,,,,,,,,,,,,,,3,0,-8,0,0,0,0,0,5,0,0,0,3,0,0,0,0,0,0,0,-3,0,,,,,,,,,,,,,,,,,,,,,,,,,,,,,,,,,,,,,,,,,,,,,,,,,,,,,,,,,,,,,,,,0,0,0,0,-2,0,0,0,-8,0,-2,0
83,MUSCLE,3,Right,Pectoralis Major,[4;5],82,,,,,,,,,,,,,,,0,3,0,-8,0,0,0,0,0,5,0,0,0,3,0,0,0,0,0,0,-3,0,,,,,,,,,,,,,,,,,,,,,,,,,,,,,,,,,,,,,,,,,,,,,,,,,,,,,,,,,,,,,,,,0,0,0,0,0,-2,0,0,0,-8,0,-2
84,MUSCLE,3,Left,Latissimus Dorsi,[4;5;7],85,,,,,,,,,,,,,,,4,0,-4,0,0,0,0,0,,,,,,,,,,,,,,,,,,,,,,,,,,,,,,,,,,,,,,,,,,,,,,,,,,,,,,,,,,,,,,,,,,,,,,,,,,,,,,0,0,0,0,-2,0,0,0,-8,0,-2,0
85,MUSCLE,3,Right,Latissimus Dorsi,[4;5;7],84,,,,,,,,,,,,,,,0,4,0,-4,0,0,0,0,,,,,,,,,,,,,,,,,,,,,,,,,,,,,,,,,,,,,,,,,,,,,,,,,,,,,,,,,,,,,,,,,,,,,,,,,,,,,,0,0,0,0,0,-2,0,0,0,-8,0,-2
86,FASCIA,3,Left,Brachial Fascia,[],87,,,,,,,,,,,,,,,0,0,0,0,0,0,0,0,,,,,,,,,,,,,,,,,,,,,,,,,,,,,,,,,,,,,,,,,,,,,,,,,,,,,,,,,,,,,,,,,,,,,,,,,,,,,,0,0,0,0,0,0,0,0,-8,0,0,0
87,FASCIA,3,Right,Brachial Fascia,[],86,,,,,,,,,,,,,,,0,0,0,0,0,0,0,0,,,,,,,,,,,,,,,,,,,,,,,,,,,,,,,,,,,,,,,,,,,,,,,,,,,,,,,,,,,,,,,,,,,,,,,,,,,,,,0,0,0,0,0,0,0,0,0,-8,0,0
88,FASCIA,3,Left,Axillary Fascia,[],89,,,,,,,,,,,,,,,0,0,0,0,0,0,0,0,,,,,,,,,,,,,,,,,,,,,,,,,,,,,,,,,,,,,,,,,,,,,,,,,,,,,,,,,,,,,,,,,,,,,,,,,,,,,,0,0,0,0,0,0,0,0,-8,0,0,0
89,FASCIA,3,Right,Axillary Fascia,[],88,,,,,,,,,,,,,,,0,0,0,0,0,0,0,0,,,,,,,,,,,,,,,,,,,,,,,,,,,,,,,,,,,,,,,,,,,,,,,,,,,,,,,,,,,,,,,,,,,,,,,,,,,,,,0,0,0,0,0,0,0,0,0,-8,0,0
90,MUSCLE,4,Left,Iliocostalis Thoracis,[5],91,,,,,,,,,,,,,,,,,,,,,,,-2,0,-4,0,-3,0,4,-2,8,0,-4,0,-6,0,,,,,,,,,,,,,,,,,,,,,,,,,,,,,,,,,,,,,,,,,,,,,,,,,,,,,,,,,,,,,,,,0,0,0,0,0,0,0,0,-8,0,-2,0
91,MUSCLE,4,Right,Iliocostalis Thoracis,[5],90,,,,,,,,,,,,,,,,,,,,,,,0,-2,0,-4,0,-3,-2,4,0,8,0,-4,0,-6,,,,,,,,,,,,,,,,,,,,,,,,,,,,,,,,,,,,,,,,,,,,,,,,,,,,,,,,,,,,,,,,0,0,0,0,0,0,0,0,0,-8,0,-2
92,MUSCLE,4,Left,Longissimus Thoracis,[5],93,,,,,,,,,,,,,,,,,,,,,,,-2,0,-3,0,-2,0,3,-1,7,0,-3,0,-5,0,,,,,,,,,,,,,,,,,,,,,,,,,,,,,,,,,,,,,,,,,,,,,,,,,,,,,,,,,,,,,,,,0,0,0,0,0,0,0,0,-8,0,-2,0
93,MUSCLE,4,Right,Longissimus Thoracis,[5],92,,,,,,,,,,,,,,,,,,,,,,,0,-2,0,-3,0,-2,-1,3,0,7,0,-3,0,-5,,,,,,,,,,,,,,,,,,,,,,,,,,,,,,,,,,,,,,,,,,,,,,,,,,,,,,,,,,,,,,,,0,0,0,0,0,0,0,0,0,-8,0,-2
94,MUSCLE,4,Left,Spinalis Thoracis,[5],95,,,,,,,,,,,,,,,,,,,,,,,-1,0,-2,0,-1,0,2,-1,6,0,-2,0,-4,0,,,,,,,,,,,,,,,,,,,,,,,,,,,,,,,,,,,,,,,,,,,,,,,,,,,,,,,,,,,,,,,,0,0,0,0,0,0,0,0,-8,0,-2,0
95,MUSCLE,4,Right,Spinalis Thoracis,[5],94,,,,,,,,,,,,,,,,,,,,,,,0,-1,0,-2,0,-1,-1,2,0,6,0,-2,0,-4,,,,,,,,,,,,,,,,,,,,,,,,,,,,,,,,,,,,,,,,,,,,,,,,,,,,,,,,,,,,,,,,0,0,0,0,0,0,0,0,0,-8,0,-2
96,MUSCLE,4,Left,Multifidus (Thoracic),[5],97,,,,,,,,,,,,,,,,,,,,,,,-3,0,-5,0,-4,0,5,-2,8,0,-5,0,-7,0,,,,,,,,,,,,,,,,,,,,,,,,,,,,,,,,,,,,,,,,,,,,,,,,,,,,,,,,,,,,,,,,0,0,0,0,0,0,0,0,-8,0,-2,0
97,MUSCLE,4,Right,Multifidus (Thoracic),[5],96,,,,,,,,,,,,,,,,,,,,,,,0,-3,0,-5,0,-4,-2,5,0,8,0,-5,0,-7,,,,,,,,,,,,,,,,,,,,,,,,,,,,,,,,,,,,,,,,,,,,,,,,,,,,,,,,,,,,,,,,0,0,0,0,0,0,0,0,0,-8,0,-2
98,MUSCLE,4,Left,Serratus Posterior Superior,[2],99,,,,,,,,,,,,,,,,,,,,,,,-4,0,-6,0,-5,0,6,-3,9,0,-6,0,-8,0,,,,,,,,,,,,,,,,,,,,,,,,,,,,,,,,,,,,,,,,,,,,,,,,,,,,,,,,,,,,,,,,0,0,0,0,0,0,0,0,-8,0,0,0
99,MUSCLE,4,Right,Serratus Posterior Superior,[2],98,,,,,,,,,,,,,,,,,,,,,,,0,-4,0,-6,0,-5,-3,6,0,9,0,-6,0,-8,,,,,,,,,,,,,,,,,,,,,,,,,,,,,,,,,,,,,,,,,,,,,,,,,,,,,,,,,,,,,,,,0,0,0,0,0,0,0,0,0,-8,0,0
100,MUSCLE,4,Left,Serratus Posterior Inferior,[5],101,,,,,,,,,,,,,,,,,,,,,,,-2,0,-3,0,-2,0,3,-1,7,0,-3,0,-5,0,,,,,,,,,,,,,,,,,,,,,,,,,,,,,,,,,,,,,,,,,,,,,,,,,,,,,,,,,,,,,,,,0,0,0,0,0,0,0,0,-8,0,-2,0
101,MUSCLE,4,Right,Serratus Posterior Inferior,[5],100,,,,,,,,,,,,,,,,,,,,,,,0,-2,0,-3,0,-2,-1,3,0,7,0,-3,0,-5,,,,,,,,,,,,,,,,,,,,,,,,,,,,,,,,,,,,,,,,,,,,,,,,,,,,,,,,,,,,,,,,0,0,0,0,0,0,0,0,0,-8,0,-2
102,MUSCLE,4,Left,Intercostal Muscles,[],103,,,,,,,,,,,,,,,,,,,,,,,-5,0,-7,0,-6,0,7,-4,10,0,-7,0,-9,0,,,,,,,,,,,,,,,,,,,,,,,,,,,,,,,,,,,,,,,,,,,,,,,,,,,,,,,,,,,,,,,,0,0,0,0,0,0,0,0,-8,0,0,0
103,MUSCLE,4,Right,Intercostal Muscles,[],102,,,,,,,,,,,,,,,,,,,,,,,0,-5,0,-7,0,-6,-4,7,0,10,0,-7,0,-9,,,,,,,,,,,,,,,,,,,,,,,,,,,,,,,,,,,,,,,,,,,,,,,,,,,,,,,,,,,,,,,,0,0,0,0,0,0,0,0,0,-8,0,0
104,FASCIA,4,Left,Thoracolumbar Fascia (Upper Portion),[5],105,,,,,,,,,,,,,,,,,,,,,,,-1,0,-2,0,-1,0,2,-1,5,0,-2,0,-3,0,,,,,,,,,,,,,,,,,,,,,,,,,,,,,,,,,,,,,,,,,,,,,,,,,,,,,,,,,,,,,,,,0,0,0,0,0,0,0,0,-8,0,-2,0
105,FASCIA,4,Right,Thoracolumbar Fascia (Upper Portion),[5],104,,,,,,,,,,,,,,,,,,,,,,,0,-1,0,-2,0,-1,-1,2,0,5,0,-2,0,-3,,,,,,,,,,,,,,,,,,,,,,,,,,,,,,,,,,,,,,,,,,,,,,,,,,,,,,,,,,,,,,,,0,0,0,0,0,0,0,0,0,-8,0,-2
106,FASCIA,4,Left,Costal Pleura & Intercostal Fascia,[],107,,,,,,,,,,,,,,,,,,,,,,,-3,0,-4,0,-3,0,4,-2,8,0,-4,0,-6,0,,,,,,,,,,,,,,,,,,,,,,,,,,,,,,,,,,,,,,,,,,,,,,,,,,,,,,,,,,,,,,,,0,0,0,0,0,0,0,0,-8,0,0,0
107,FASCIA,4,Right,Costal Pleura & Intercostal Fascia,[],106,,,,,,,,,,,,,,,,,,,,,,,0,-3,0,-4,0,-3,-2,4,0,8,0,-4,0,-6,,,,,,,,,,,,,,,,,,,,,,,,,,,,,,,,,,,,,,,,,,,,,,,,,,,,,,,,,,,,,,,,0,0,0,0,0,0,0,0,0,-8,0,0
108,MUSCLE,5,Left,Rectus Abdominis,[4;7],109,,,,,,,,,,,,,,,,,,,,,,,,,,,,,,,,,,,,,-4,0,2,-2,2,-2,8,-8,0,-8,0,-2,0,5,0,0,0,0,0,,,,,,,,,,,,,,,,,,,,,,,,,,,,,,,,,,,,,,,,,,,,,4,4,4,4,4,4,6,6,-2,0,-8,0
109,MUSCLE,5,Right,Rectus Abdominis,[4;7],108,,,,,,,,,,,,,,,,,,,,,,,,,,,,,,,,,,,,,0,-4,-2,2,-2,2,8,0,-8,0,-8,0,-2,0,5,0,0,0,0,,,,,,,,,,,,,,,,,,,,,,,,,,,,,,,,,,,,,,,,,,,,,4,4,4,4,4,4,6,6,0,-2,0,-8
110,MUSCLE,5,Left,External Oblique,[4;5;7],111,,,,,,,,,,,,,,,,,,,,,,,,,,,,,,,,,,,,,-3,0,6,-6,5,-5,4,-3,0,-3,0,-8,0,5,0,4,0,4,0,,,,,,,,,,,,,,,,,,,,,,,,,,,,,,,,,,,,,,,,,,,,,4,4,5,4,4,4,5,5,-2,0,-8,0
111,MUSCLE,5,Right,External Oblique,[4;5;7],110,,,,,,,,,,,,,,,,,,,,,,,,,,,,,,,,,,,,,0,-3,-6,6,-5,5,4,0,-3,0,-3,0,-8,0,5,0,4,0,4,,,,,,,,,,,,,,,,,,,,,,,,,,,,,,,,,,,,,,,,,,,,,4,4,4,5,4,4,5,5,0,-2,0,-8
112,MUSCLE,5,Left,Internal Oblique,[4;5;7],113,,,,,,,,,,,,,,,,,,,,,,,,,,,,,,,,,,,,,-3,0,6,-6,5,-5,4,-3,0,-3,0,-8,0,5,0,4,0,4,0,,,,,,,,,,,,,,,,,,,,,,,,,,,,,,,,,,,,,,,,,,,,,4,4,5,4,4,4,5,5,-2,0,-8,0
113,MUSCLE,5,Right,Internal Oblique,[4;5;7],112,,,,,,,,,,,,,,,,,,,,,,,,,,,,,,,,,,,,,0,-3,-6,6,-5,5,4,0,-3,0,-3,0,-8,0,5,0,4,0,4,,,,,,,,,,,,,,,,,,,,,,,,,,,,,,,,,,,,,,,,,,,,,4,4,4,5,4,4,5,5,0,-2,0,-8
114,MUSCLE,5,Left,Transversus Abdominis,[4;5;7],115,,,,,,,,,,,,,,,,,,,,,,,,,,,,,,,,,,,,,-2,0,3,-3,3,-3,5,-4,0,-4,0,-5,0,5,0,3,0,3,0,,,,,,,,,,,,,,,,,,,,,,,,,,,,,,,,,,,,,,,,,,,,,4,4,4,4,4,4,5,5,-2,0,-8,0
115,MUSCLE,5,Right,Transversus Abdominis,[4;5;7],114,,,,,,,,,,,,,,,,,,,,,,,,,,,,,,,,,,,,,0,-2,-3,3,-3,3,5,0,-4,0,-4,0,-5,0,5,0,3,0,3,,,,,,,,,,,,,,,,,,,,,,,,,,,,,,,,,,,,,,,,,,,,,4,4,4,4,4,4,5,5,0,-2,0,-8
116,MUSCLE,5,Left,Diaphragm,[4;5],117,,,,,,,,,,,,,,,,,,,,,,,0,0,-3,0,5,0,0,0,0,0,0,0,0,0,-2,0,1,-1,1,-1,3,-2,0,-2,0,-1,0,0,0,0,0,0,0,,,,,,,,,,,,,,,,,,,,,,,,,,,,,,,,,,,,,,,,,,,,,0,0,0,0,0,0,0,0,-2,0,-8,0
117,MUSCLE,5,Right,Diaphragm,[4;5],116,,,,,,,,,,,,,,,,,,,,,,,0,0,0,-3,0,5,0,0,0,0,0,0,0,0,0,-2,-1,1,-1,1,3,0,-2,0,-2,0,-1,0,0,0,0,0,0,,,,,,,,,,,,,,,,,,,,,,,,,,,,,,,,,,,,,,,,,,,,,0,0,0,0,0,0,0,0,0,-2,0,-8
118,MUSCLE,5,Left,Pelvic Floor (Levator Ani Group),[7],119,,,,,,,,,,,,,,,,,,,,,,,,,,,,,,,,,,,,,-1,0,1,-1,1,-1,2,-1,0,-1,0,-1,0,-3,0,0,0,-3,0,,,,,,,,,,,,,,,,,,,,,,,,,,,,,,,,,,,,,,,,,,,,,0,0,0,0,0,0,0,0,0,0,-8,0
119,MUSCLE,5,Right,Pelvic Floor (Levator Ani Group),[7],118,,,,,,,,,,,,,,,,,,,,,,,,,,,,,,,,,,,,,0,-1,-1,1,-1,1,2,0,-1,0,-1,0,-1,0,-3,0,0,0,-3,,,,,,,,,,,,,,,,,,,,,,,,,,,,,,,,,,,,,,,,,,,,,0,0,0,0,0,0,0,0,0,0,0,-8
120,MUSCLE,5,Left,Coccygeus,[7],121,,,,,,,,,,,,,,,,,,,,,,,,,,,,,,,,,,,,,-1,0,1,-1,1,-1,2,-1,0,-1,0,-1,0,-3,0,0,0,-3,0,,,,,,,,,,,,,,,,,,,,,,,,,,,,,,,,,,,,,,,,,,,,,0,0,0,0,0,0,0,0,0,0,-8,0
121,MUSCLE,5,Right,Coccygeus,[7],120,,,,,,,,,,,,,,,,,,,,,,,,,,,,,,,,,,,,,0,-1,-1,1,-1,1,2,0,-1,0,-1,0,-1,0,-3,0,0,0,-3,,,,,,,,,,,,,,,,,,,,,,,,,,,,,,,,,,,,,,,,,,,,,0,0,0,0,0,0,0,0,0,0,0,-8
122,FASCIA,5,Center,Linea Alba,[],,,,,,,,,,,,,,,,,,,,,,,,,,,,,,,,,,,,,,0,0,0,0,0,0,4,0,0,0,0,0,0,,,,,,,,,,,,,,,,,,,,,,,,,,,,,,,,,,,,,,,,,,,,,,,,,,,0,0,0,0,0,0,0,0,0,0,-5,-5
123,FASCIA,5,Left,Rectus Sheath,[],124,,,,,,,,,,,,,,,,,,,,,,,,,,,,,,,,,,,,,-1,0,0,0,0,0,2,-2,0,-2,0,0,0,,,,,,,,,,,,,,,,,,,,,,,,,,,,,,,,,,,,,,,,,,,,,,,,,,,0,0,0,0,0,0,0,0,0,0,-8,0
124,FASCIA,5,Right,Rectus Sheath,[],123,,,,,,,,,,,,,,,,,,,,,,,,,,,,,,,,,,,,,0,-1,0,0,0,0,2,0,-2,0,-2,0,0,,,,,,,,,,,,,,,,,,,,,,,,,,,,,,,,,,,,,,,,,,,,,,,,,,,0,0,0,0,0,0,0,0,0,0,0,-8
125,FASCIA,5,Left,Transversalis Fascia,[],126,,,,,,,,,,,,,,,,,,,,,,,,,,,,,,,,,,,,,-1,0,0,0,0,0,1,-1,0,-1,0,0,0,,,,,,,,,,,,,,,,,,,,,,,,,,,,,,,,,,,,,,,,,,,,,,,,,,,0,0,0,0,0,0,0,0,0,0,-8,0
126,FASCIA,5,Right,Transversalis Fascia,[],125,,,,,,,,,,,,,,,,,,,,,,,,,,,,,,,,,,,,,0,-1,0,0,0,0,1,0,-1,0,-1,0,0,,,,,,,,,,,,,,,,,,,,,,,,,,,,,,,,,,,,,,,,,,,,,,,,,,,0,0,0,0,0,0,0,0,0,0,0,-8
127,FASCIA,5,Center,Central Tendon of Diaphragm,[],,,,,,,,,,,,,,,,,,,,,,,,,,,,,,,,,,,,,,0,0,0,0,0,0,2,0,0,0,0,0,0,,,,,,,,,,,,,,,,,,,,,,,,,,,,,,,,,,,,,,,,,,,,,,,,,,,0,0,0,0,0,0,0,0,0,0,-5,-5
128,MUSCLE,5,Left,Iliocostalis Lumborum,[4],129,,,,,,,,,,,,,,,,,,,,,,,,,,,,,,,,,,,,,8,0,3,-3,4,-4,-5,0,0,0,0,2,0,-2,0,2,-2,2,-2,,,,,,,,,,,,,,,,,,,,,,,,,,,,,,,,,,,,,,,,,,,,,4,4,4,4,0,0,4,4,-2,0,-8,0
129,MUSCLE,5,Right,Iliocostalis Lumborum,[4],128,,,,,,,,,,,,,,,,,,,,,,,,,,,,,,,,,,,,,0,8,-3,3,-4,4,-5,0,0,0,0,0,2,0,-2,-2,2,-2,10,,,,,,,,,,,,,,,,,,,,,,,,,,,,,,,,,,,,,,,,,,,,,4,4,4,4,0,0,4,4,0,-2,0,-8
130,MUSCLE,5,Left,Longissimus Lumborum,[4],131,,,,,,,,,,,,,,,,,,,,,,,,,,,,,,,,,,,,,7,0,3,-3,3,-3,-4,0,0,0,0,2,0,-2,0,2,-2,2,-2,,,,,,,,,,,,,,,,,,,,,,,,,,,,,,,,,,,,,,,,,,,,,4,4,4,4,0,0,4,4,-2,0,-8,0
131,MUSCLE,5,Right,Longissimus Lumborum,[4],130,,,,,,,,,,,,,,,,,,,,,,,,,,,,,,,,,,,,,0,7,-3,3,-3,3,-4,0,0,0,0,0,2,0,-2,-2,2,-2,2,,,,,,,,,,,,,,,,,,,,,,,,,,,,,,,,,,,,,,,,,,,,,4,4,4,4,0,0,4,4,0,-2,0,-8
132,MUSCLE,5,Left,Multifidus (Lumbar),[4],133,,,,,,,,,,,,,,,,,,,,,,,,,,,,,,,,,,,,,6,0,4,-4,3,-3,-3,0,0,0,0,2,0,-2,0,2,-2,2,-2,,,,,,,,,,,,,,,,,,,,,,,,,,,,,,,,,,,,,,,,,,,,,4,4,4,4,0,0,4,4,-2,0,-8,0
133,MUSCLE,5,Right,Multifidus (Lumbar),[4],132,,,,,,,,,,,,,,,,,,,,,,,,,,,,,,,,,,,,,0,6,-4,4,-3,3,-3,0,0,0,0,0,2,0,-2,-2,2,-2,2,,,,,,,,,,,,,,,,,,,,,,,,,,,,,,,,,,,,,,,,,,,,,4,4,4,4,0,0,4,4,0,-2,0,-8
134,MUSCLE,5,Left,Quadratus Lumborum,[4;7;5],135,,,,,,,,,,,,,,,,,,,,,,,,,,,,,,,,,,,,,8,0,2,-2,8,-8,-2,0,0,0,0,3,0,-3,0,-7,7,-7,7,,,,,,,,,,,,,,,,,,,,,,,,,,,,,,,,,,,,,,,,,,,,,4,4,6,4,0,0,4,4,-2,0,-8,0
135,MUSCLE,5,Right,Quadratus Lumborum,[4;7;5],134,,,,,,,,,,,,,,,,,,,,,,,,,,,,,,,,,,,,,0,8,-2,2,-8,8,-2,0,0,0,0,0,3,0,-3,7,-7,7,-7,,,,,,,,,,,,,,,,,,,,,,,,,,,,,,,,,,,,,,,,,,,,,4,4,4,6,0,0,4,4,0,-2,0,-8
136,MUSCLE,5,Left,Psoas Major,[4;7;5],137,,,,,,,,,,,,,,,,,,,,,,,,,,,,,,,,,,,,,5,0,2,-2,2,-2,-8,0,0,0,0,0,0,-8,0,-2,0,-2,0,,,,,,,,,,,,,,,,,,,,,,,,,,,,,,,,,,,,,,,,,,,,,0,0,0,0,0,0,0,0,-2,0,-8,0
137,MUSCLE,5,Right,Psoas Major,[4;7;5],136,,,,,,,,,,,,,,,,,,,,,,,,,,,,,,,,,,,,,0,5,-2,2,-2,2,-8,0,0,0,0,0,0,0,-8,0,-2,0,-2,,,,,,,,,,,,,,,,,,,,,,,,,,,,,,,,,,,,,,,,,,,,,0,0,0,0,0,0,0,0,0,-2,0,-8
138,MUSCLE,5,Left,Psoas Minor,[4;7;5],139,,,,,,,,,,,,,,,,,,,,,,,,,,,,,,,,,,,,,3,0,1,-1,1,-1,-4,0,0,0,0,0,0,-8,0,-2,0,-2,0,,,,,,,,,,,,,,,,,,,,,,,,,,,,,,,,,,,,,,,,,,,,,0,0,0,0,0,0,0,0,-2,0,-8,0
139,MUSCLE,5,Right,Psoas Minor,[4;7;5],138,,,,,,,,,,,,,,,,,,,,,,,,,,,,,,,,,,,,,0,3,-1,1,-1,1,-4,0,0,0,0,0,0,0,-8,0,-2,0,-2,,,,,,,,,,,,,,,,,,,,,,,,,,,,,,,,,,,,,,,,,,,,,0,0,0,0,0,0,0,0,0,-2,0,-8
140,FASCIA,5,Left,Thoracolumbar Fascia,[4;5],141,,,,,,,,,,,,,,,,,,,,,,,,,,,,,,,,,,,,,3,0,1,-1,1,-1,2,0,0,0,0,0,0,-8,0,-2,0,-2,0,,,,,,,,,,,,,,,,,,,,,,,,,,,,,,,,,,,,,,,,,,,,,0,0,0,0,0,0,0,0,-2,0,-8,0
141,FASCIA,5,Right,Thoracolumbar Fascia,[4;5],140,,,,,,,,,,,,,,,,,,,,,,,,,,,,,,,,,,,,,0,3,-1,1,-1,1,2,0,0,0,0,0,0,0,-8,0,-2,0,-2,,,,,,,,,,,,,,,,,,,,,,,,,,,,,,,,,,,,,,,,,,,,,0,0,0,0,0,0,0,0,0,-2,0,-8
142,FASCIA,5,Left,Lumbar Fascia,[],143,,,,,,,,,,,,,,,,,,,,,,,,,,,,,,,,,,,,,2,0,0,0,0,0,1,0,0,0,0,0,0,6,0,0,0,0,0,,,,,,,,,,,,,,,,,,,,,,,,,,,,,,,,,,,,,,,,,,,,,0,0,0,0,0,0,0,0,0,0,-8,0
143,FASCIA,5,Right,Lumbar Fascia,[],142,,,,,,,,,,,,,,,,,,,,,,,,,,,,,,,,,,,,,0,2,0,0,0,0,1,0,0,0,0,0,0,0,6,0,0,0,0,,,,,,,,,,,,,,,,,,,,,,,,,,,,,,,,,,,,,,,,,,,,,0,0,0,0,0,0,0,0,0,0,0,-8
144,FASCIA,5,Left,Iliolumbar Ligaments,[7],145,,,,,,,,,,,,,,,,,,,,,,,,,,,,,,,,,,,,,1,0,0,0,0,0,1,0,0,0,0,0,0,6,0,0,0,0,0,,,,,,,,,,,,,,,,,,,,,,,,,,,,,,,,,,,,,,,,,,,,,0,0,0,0,0,0,0,0,0,0,-8,0
145,FASCIA,5,Right,Iliolumbar Ligaments,[7],144,,,,,,,,,,,,,,,,,,,,,,,,,,,,,,,,,,,,,0,1,0,0,0,0,1,0,0,0,0,0,0,0,6,0,0,0,0,,,,,,,,,,,,,,,,,,,,,,,,,,,,,,,,,,,,,,,,,,,,,0,0,0,0,0,0,0,0,0,0,0,-8
146,MUSCLE,7,Left,Iliacus,[5],147,,,,,,,,,,,,,,,,,,,,,,,,,,,,,,,,,,,,,,,,,,,,,,,,,,6,0,0,0,0,0,0,0,0,0,-6,0,0,0,8,0,,,,,,,,,,,,,,,,,,,,,,,,,,,,,,,,,,,0,0,0,0,0,0,0,0,0,0,-8,0
147,MUSCLE,7,Right,Iliacus,[5],146,,,,,,,,,,,,,,,,,,,,,,,,,,,,,,,,,,,,,,,,,,,,,,,,,,0,6,0,0,0,0,0,0,0,0,0,-6,0,0,0,8,,,,,,,,,,,,,,,,,,,,,,,,,,,,,,,,,,,0,0,0,0,0,0,0,0,0,0,0,-8
148,MUSCLE,7,Left,Rectus Femoris,[8],149,,,,,,,,,,,,,,,,,,,,,,,,,,,,,,,,,,,,,,,,,,,,,,,,,,6,0,0,0,0,0,0,0,0,0,-6,0,0,0,8,0,0,0,0,0,0,0,5,0,0,0,,,,,,,,,,,,,,,,,,,,,,,,,6,0,0,0,0,0,8,6,0,0,-8,0
149,MUSCLE,7,Right,Rectus Femoris,[8],148,,,,,,,,,,,,,,,,,,,,,,,,,,,,,,,,,,,,,,,,,,,,,,,,,,0,6,0,0,0,0,0,0,0,0,0,-6,0,0,0,8,0,0,0,0,0,0,0,5,0,0,,,,,,,,,,,,,,,,,,,,,,,,,0,6,0,0,0,0,8,6,0,0,0,-8
150,MUSCLE,7,Left,Tensor Fasciae Latae,[],151,,,,,,,,,,,,,,,,,,,,,,,,,,,,,,,,,,,,,,,,,,,,,,,,,,,,,,,,8,0,2,0,-6,0,0,0,8,0,-4,0,0,0,0,0,0,0,-3,0,,,,,,,,,,,,,,,,,,,,,,,,,8,0,6,0,0,0,6,5,0,0,-8,0
151,MUSCLE,7,Right,Tensor Fasciae Latae,[],150,,,,,,,,,,,,,,,,,,,,,,,,,,,,,,,,,,,,,,,,,,,,,,,,,,,,,,,,0,8,0,2,0,-6,0,0,0,8,0,-4,0,0,0,0,0,0,0,-3,,,,,,,,,,,,,,,,,,,,,,,,,0,8,0,6,0,0,6,5,0,0,0,-8
152,MUSCLE,7,Left,Gluteus Maximus,[],153,,,,,,,,,,,,,,,,,,,,,,,,,,,,,,,,,,,,,,,,,,,,,,,,,,,,,,,,-5,0,4,0,6,0,-8,0,-3,0,-2,0,0,0,0,0,-3,0,-2,0,,,,,,,,,,,,,,,,,,,,,,,,,7,0,0,0,0,0,9,7,0,0,-8,0
153,MUSCLE,7,Right,Gluteus Maximus,[],152,,,,,,,,,,,,,,,,,,,,,,,,,,,,,,,,,,,,,,,,,,,,,,,,,,,,,,,,0,-5,0,4,0,6,0,-8,0,-3,0,-2,0,0,0,0,0,-3,0,-2,,,,,,,,,,,,,,,,,,,,,,,,,0,7,0,0,0,0,9,7,0,0,0,-8
154,MUSCLE,7,Left,Biceps Femoris,[8],155,,,,,,,,,,,,,,,,,,,,,,,,,,,,,,,,,,,,,,,,,,,,,,,,,,,,,,,,-3,0,0,0,5,0,-6,0,-2,0,-3,0,-4,0,0,0,-3,0,0,0,,,,,,,,,,,,,,,,,,,,,,,,,6,0,0,0,0,0,7,6,0,0,-8,0
155,MUSCLE,7,Right,Biceps Femoris,[8],154,,,,,,,,,,,,,,,,,,,,,,,,,,,,,,,,,,,,,,,,,,,,,,,,,,,,,,,,0,-3,0,0,0,5,0,-6,0,-2,0,-3,0,-4,0,0,0,-3,0,0,,,,,,,,,,,,,,,,,,,,,,,,,0,6,0,0,0,0,7,6,0,0,0,-8
156,MUSCLE,7,Left,Semitendinosus,[8],157,,,,,,,,,,,,,,,,,,,,,,,,,,,,,,,,,,,,,,,,,,,,,,,,,,,,,,,,-3,0,0,0,5,0,-6,0,-2,0,3,0,4,0,0,0,-3,0,0,0,,,,,,,,,,,,,,,,,,,,,,,,,6,0,0,0,0,0,7,6,0,0,-8,0
157,MUSCLE,7,Right,Semitendinosus,[8],156,,,,,,,,,,,,,,,,,,,,,,,,,,,,,,,,,,,,,,,,,,,,,,,,,,,,,,,,0,-3,0,0,0,5,0,-6,0,-2,0,3,0,4,0,0,0,-3,0,0,,,,,,,,,,,,,,,,,,,,,,,,,0,6,0,0,0,0,7,6,0,0,0,-8
158,MUSCLE,7,Left,Semimembranosus,[8],159,,,,,,,,,,,,,,,,,,,,,,,,,,,,,,,,,,,,,,,,,,,,,,,,,,,,,,,,-3,0,0,0,5,0,-6,0,-2,0,3,0,4,0,0,0,-3,0,0,0,,,,,,,,,,,,,,,,,,,,,,,,,6,0,0,0,0,0,7,6,0,0,-8,0
159,MUSCLE,7,Right,Semimembranosus,[8],158,,,,,,,,,,,,,,,,,,,,,,,,,,,,,,,,,,,,,,,,,,,,,,,,,,,,,,,,0,-3,0,0,0,5,0,-6,0,-2,0,3,0,4,0,0,0,-3,0,0,,,,,,,,,,,,,,,,,,,,,,,,,0,6,0,0,0,0,7,6,0,0,0,-8
160,MUSCLE,7,Left,Gluteus Medius,[],161,,,,,,,,,,,,,,,,,,,,,,,,,,,,,,,,,,,,,,,,,,,,,,,,,,,,,,,,-4,0,8,0,0,0,-7,0,0,0,-4,0,0,0,0,0,0,0,-3,0,,,,,,,,,,,,,,,,,,,,,,,,,9,0,7,0,0,0,6,5,0,0,-8,0
161,MUSCLE,7,Right,Gluteus Medius,[],160,,,,,,,,,,,,,,,,,,,,,,,,,,,,,,,,,,,,,,,,,,,,,,,,,,,,,,,,0,-4,0,8,0,0,0,-7,0,0,0,-4,0,0,0,0,0,0,0,-3,,,,,,,,,,,,,,,,,,,,,,,,,0,9,0,7,0,0,6,5,0,0,0,-8
162,MUSCLE,7,Left,Gluteus Minimus,[],163,,,,,,,,,,,,,,,,,,,,,,,,,,,,,,,,,,,,,,,,,,,,,,,,,,,,,,,,-4,0,7,0,0,0,-6,0,0,0,,,,,,,,,,,,,,,,,,,,,,,,,,,,,,,,,,,8,0,6,0,0,0,5,4,0,0,-8,0
163,MUSCLE,7,Right,Gluteus Minimus,[],162,,,,,,,,,,,,,,,,,,,,,,,,,,,,,,,,,,,,,,,,,,,,,,,,,,,,,,,,0,-4,0,7,0,0,0,-6,0,0,,,,,,,,,,,,,,,,,,,,,,,,,,,,,,,,,,,0,8,0,6,0,0,5,4,0,0,0,-8
164,MUSCLE,7,Left,Adductor Longus,[],165,,,,,,,,,,,,,,,,,,,,,,,,,,,,,,,,,,,,,,,,,,,,,,,,,,,,,,,,6,0,-3,0,0,0,0,0,0,0,4,0,0,0,0,0,0,0,3,0,,,,,,,,,,,,,,,,,,,,,,,,,4,0,5,0,0,0,4,3,0,0,-8,0
165,MUSCLE,7,Right,Adductor Longus,[],164,,,,,,,,,,,,,,,,,,,,,,,,,,,,,,,,,,,,,,,,,,,,,,,,,,,,,,,,0,6,0,-3,0,0,0,0,0,0,0,4,0,0,0,0,0,0,0,3,,,,,,,,,,,,,,,,,,,,,,,,,0,4,0,5,0,0,4,3,0,0,0,-8
166,MUSCLE,7,Left,Adductor Brevis,[],167,,,,,,,,,,,,,,,,,,,,,,,,,,,,,,,,,,,,,,,,,,,,,,,,,,,,,,,,5,0,-2,0,0,0,0,0,0,0,4,0,0,0,0,0,0,0,3,0,,,,,,,,,,,,,,,,,,,,,,,,,4,0,5,0,0,0,4,3,0,0,-8,0
167,MUSCLE,7,Right,Adductor Brevis,[],166,,,,,,,,,,,,,,,,,,,,,,,,,,,,,,,,,,,,,,,,,,,,,,,,,,,,,,,,0,5,0,-2,0,0,0,0,0,0,0,4,0,0,0,0,0,0,0,3,,,,,,,,,,,,,,,,,,,,,,,,,0,4,0,5,0,0,4,3,0,0,0,-8
168,MUSCLE,7,Left,Adductor Magnus,[],169,,,,,,,,,,,,,,,,,,,,,,,,,,,,,,,,,,,,,,,,,,,,,,,,,,,,,,,,7,0,-4,0,0,0,0,0,0,0,,,,,,,,,,,,,,,,,,,,,,,,,,,,,,,,,,,4,0,5,0,0,0,4,3,0,0,-8,0
169,MUSCLE,7,Right,Adductor Magnus,[],168,,,,,,,,,,,,,,,,,,,,,,,,,,,,,,,,,,,,,,,,,,,,,,,,,,,,,,,,0,7,0,-4,0,0,0,0,0,0,,,,,,,,,,,,,,,,,,,,,,,,,,,,,,,,,,,0,4,0,5,0,0,4,3,0,0,0,-8
170,MUSCLE,7,Left,Pectineus,[],171,,,,,,,,,,,,,,,,,,,,,,,,,,,,,,,,,,,,,,,,,,,,,,,,,,,,,,,,4,0,-1,0,-2,0,0,0,3,0,,,,,,,,,,,,,,,,,,,,,,,,,,,,,,,,,,,0,0,0,0,0,0,0,0,0,0,-8,0
171,MUSCLE,7,Right,Pectineus,[],170,,,,,,,,,,,,,,,,,,,,,,,,,,,,,,,,,,,,,,,,,,,,,,,,,,,,,,,,0,4,0,-1,0,-2,0,0,0,3,,,,,,,,,,,,,,,,,,,,,,,,,,,,,,,,,,,0,0,0,0,0,0,0,0,0,0,0,-8
172,MUSCLE,7,Left,Gracilis,[8],173,,,,,,,,,,,,,,,,,,,,,,,,,,,,,,,,,,,,,,,,,,,,,,,,,,,,,,,,3,0,-2,0,0,0,0,0,0,0,3,0,0,0,0,0,0,0,2,0,,,,,,,,,,,,,,,,,,,,,,,,,4,0,5,0,0,0,4,3,0,0,-8,0
173,MUSCLE,7,Right,Gracilis,[8],172,,,,,,,,,,,,,,,,,,,,,,,,,,,,,,,,,,,,,,,,,,,,,,,,,,,,,,,,0,3,0,-2,0,0,0,0,0,0,0,3,0,0,0,0,0,0,0,2,,,,,,,,,,,,,,,,,,,,,,,,,0,4,0,5,0,0,4,3,0,0,0,-8
174,MUSCLE,7,Left,Piriformis,[],175,,,,,,,,,,,,,,,,,,,,,,,,,,,,,,,,,,,,,,,,,,,,,,,,,,,,,,,,-6,0,0,0,0,0,0,0,0,0,,,,,,,,,,,,,,,,,,,,,,,,,,,,,,,,,,,7,0,0,0,0,0,5,4,0,0,-8,0
175,MUSCLE,7,Right,Piriformis,[],174,,,,,,,,,,,,,,,,,,,,,,,,,,,,,,,,,,,,,,,,,,,,,,,,,,,,,,,,0,-6,0,0,0,0,0,0,0,0,,,,,,,,,,,,,,,,,,,,,,,,,,,,,,,,,,,0,7,0,0,0,0,5,4,0,0,0,-8
176,MUSCLE,7,Left,Obturator Internus,[],177,,,,,,,,,,,,,,,,,,,,,,,,,,,,,,,,,,,,,,,,,,,,,,,,,,,,,,,,-5,0,0,0,0,0,0,0,0,0,,,,,,,,,,,,,,,,,,,,,,,,,,,,,,,,,,,0,0,0,0,0,0,0,0,0,0,-8,0
177,MUSCLE,7,Right,Obturator Internus,[],176,,,,,,,,,,,,,,,,,,,,,,,,,,,,,,,,,,,,,,,,,,,,,,,,,,,,,,,,0,-5,0,0,0,0,0,0,0,0,,,,,,,,,,,,,,,,,,,,,,,,,,,,,,,,,,,0,0,0,0,0,0,0,0,0,0,0,-8
178,MUSCLE,7,Left,Obturator Externus,[],179,,,,,,,,,,,,,,,,,,,,,,,,,,,,,,,,,,,,,,,,,,,,,,,,,,,,,,,,5,0,0,0,0,0,0,0,0,0,,,,,,,,,,,,,,,,,,,,,,,,,,,,,,,,,,,0,0,0,0,0,0,0,0,0,0,-8,0
179,MUSCLE,7,Right,Obturator Externus,[],178,,,,,,,,,,,,,,,,,,,,,,,,,,,,,,,,,,,,,,,,,,,,,,,,,,,,,,,,0,5,0,0,0,0,0,0,0,0,,,,,,,,,,,,,,,,,,,,,,,,,,,,,,,,,,,0,0,0,0,0,0,0,0,0,0,0,-8
180,MUSCLE,7,Left,Gemelli (Superior/Inferior),[],181,,,,,,,,,,,,,,,,,,,,,,,,,,,,,,,,,,,,,,,,,,,,,,,,,,,,,,,,-4,0,0,0,0,0,0,0,0,0,,,,,,,,,,,,,,,,,,,,,,,,,,,,,,,,,,,0,0,0,0,0,0,0,0,,,,
181,MUSCLE,7,Right,Gemelli (Superior/Inferior),[],180,,,,,,,,,,,,,,,,,,,,,,,,,,,,,,,,,,,,,,,,,,,,,,,,,,,,,,,,0,-4,0,0,0,0,0,0,0,0,,,,,,,,,,,,,,,,,,,,,,,,,,,,,,,,,,,0,0,0,0,0,0,0,0,,,,
182,MUSCLE,7,Left,Quadratus Femoris,[],183,,,,,,,,,,,,,,,,,,,,,,,,,,,,,,,,,,,,,,,,,,,,,,,,,,,,,,,,-4,0,0,0,0,0,0,0,0,0,,,,,,,,,,,,,,,,,,,,,,,,,,,,,,,,,,,0,0,0,0,0,0,0,0,,,,
183,MUSCLE,7,Right,Quadratus Femoris,[],182,,,,,,,,,,,,,,,,,,,,,,,,,,,,,,,,,,,,,,,,,,,,,,,,,,,,,,,,0,-4,0,0,0,0,0,0,0,0,,,,,,,,,,,,,,,,,,,,,,,,,,,,,,,,,,,0,0,0,0,0,0,0,0,,,,
184,FASCIA,7,Left,Iliotibial Band,[8],185,,,,,,,,,,,,,,,,,,,,,,,,,,,,,,,,,,,,,,,,,,,,,,,,,,,,,,,,-4,0,3,0,-2,0,0,0,0,0,-4,0,0,0,0,0,0,0,-3,0,,,,,,,,,,,,,,,,,,,,,,,,,0,0,0,0,0,0,0,0,,,,
185,FASCIA,7,Right,Iliotibial Band,[8],184,,,,,,,,,,,,,,,,,,,,,,,,,,,,,,,,,,,,,,,,,,,,,,,,,,,,,,,,0,-4,0,3,0,-2,0,0,0,0,0,-4,0,0,0,0,0,0,0,-3,,,,,,,,,,,,,,,,,,,,,,,,,0,0,0,0,0,0,0,0,,,,
186,FASCIA,7,Center,Pelvic Fascia,[],,,,,,,,,,,,,,,,,,,,,,,,,,,,,,,,,,,,,,,,,,,,,,,,,,,,,,,,,0,0,0,0,0,0,0,0,0,0,,,,,,,,,,,,,,,,,,,,,,,,,,,,,,,,,,,0,0,0,0,0,0,0,0,,,,
187,FASCIA,7,Left,Inguinal Ligament,[],188,,,,,,,,,,,,,,,,,,,,,,,,,,,,,,,,,,,,,,,,,,,,,,,,,,,,,,,,0,0,0,0,-1,0,0,0,1,0,,,,,,,,,,,,,,,,,,,,,,,,,,,,,,,,,,,0,0,0,0,0,0,0,0,,,,
188,FASCIA,7,Right,Inguinal Ligament,[],187,,,,,,,,,,,,,,,,,,,,,,,,,,,,,,,,,,,,,,,,,,,,,,,,,,,,,,,,0,0,0,0,0,-1,0,0,0,1,,,,,,,,,,,,,,,,,,,,,,,,,,,,,,,,,,,0,0,0,0,0,0,0,0,,,,
189,MUSCLE,8,Left,Vastus Lateralis,[],190,,,,,,,,,,,,,,,,,,,,,,,,,,,,,,,,,,,,,,,,,,,,,,,,,,,,,,,,,,,,,,,,,,-3,0,0,0,-5,0,4,0,0,0,,,,,,,,,,,,,,,,,,,,,,,,,6,0,0,0,0,0,8,6,,,,
190,MUSCLE,8,Right,Vastus Lateralis,[],189,,,,,,,,,,,,,,,,,,,,,,,,,,,,,,,,,,,,,,,,,,,,,,,,,,,,,,,,,,,,,,,,,,0,-3,0,0,0,-5,0,4,0,0,,,,,,,,,,,,,,,,,,,,,,,,,0,6,0,0,0,0,8,6,,,,
191,MUSCLE,8,Left,Vastus Medialis (VMO),[],192,,,,,,,,,,,,,,,,,,,,,,,,,,,,,,,,,,,,,,,,,,,,,,,,,,,,,,,,,,,,,,,,,,3,0,0,0,5,0,0,0,0,0,,,,,,,,,,,,,,,,,,,,,,,,,6,0,0,0,0,0,8,6,,,,
192,MUSCLE,8,Right,Vastus Medialis (VMO),[],191,,,,,,,,,,,,,,,,,,,,,,,,,,,,,,,,,,,,,,,,,,,,,,,,,,,,,,,,,,,,,,,,,,0,3,0,0,0,5,0,0,0,0,,,,,,,,,,,,,,,,,,,,,,,,,0,6,0,0,0,0,8,6,,,,
193,MUSCLE,8,Left,Vastus Intermedius,[],194,,,,,,,,,,,,,,,,,,,,,,,,,,,,,,,,,,,,,,,,,,,,,,,,,,,,,,,,,,,,,,,,,,0,0,0,0,0,0,3,0,0,0,,,,,,,,,,,,,,,,,,,,,,,,,6,0,0,0,0,0,8,6,,,,
194,MUSCLE,8,Right,Vastus Intermedius,[],193,,,,,,,,,,,,,,,,,,,,,,,,,,,,,,,,,,,,,,,,,,,,,,,,,,,,,,,,,,,,,,,,,,0,0,0,0,0,0,0,3,0,0,,,,,,,,,,,,,,,,,,,,,,,,,0,6,0,0,0,0,8,6,,,,
195,MUSCLE,8,Left,Sartorius,[],196,,,,,,,,,,,,,,,,,,,,,,,,,,,,,,,,,,,,,,,,,,,,,,,,,,,,,,,,,,,,,,,,,,2,0,3,0,0,0,0,0,0,0,,,,,,,,,,,,,,,,,,,,,,,,,4,0,0,0,0,0,5,4,,,,
196,MUSCLE,8,Right,Sartorius,[],195,,,,,,,,,,,,,,,,,,,,,,,,,,,,,,,,,,,,,,,,,,,,,,,,,,,,,,,,,,,,,,,,,,0,2,0,3,0,0,0,0,0,0,,,,,,,,,,,,,,,,,,,,,,,,,0,4,0,0,0,0,5,4,,,,
197,MUSCLE,8,Left,Popliteus,[],198,,,,,,,,,,,,,,,,,,,,,,,,,,,,,,,,,,,,,,,,,,,,,,,,,,,,,,,,,,,,,,,,,,0,0,-3,0,0,0,0,0,0,0,,,,,,,,,,,,,,,,,,,,,,,,,0,0,0,0,0,0,0,0,,,,
198,MUSCLE,8,Right,Popliteus,[],197,,,,,,,,,,,,,,,,,,,,,,,,,,,,,,,,,,,,,,,,,,,,,,,,,,,,,,,,,,,,,,,,,,0,0,0,-3,0,0,0,0,0,0,,,,,,,,,,,,,,,,,,,,,,,,,0,0,0,0,0,0,0,0,,,,
199,FASCIA,8,Left,Fascia Lata,[],200,,,,,,,,,,,,,,,,,,,,,,,,,,,,,,,,,,,,,,,,,,,,,,,,,,,,,,,,,,,,,,,,,,-5,0,0,0,-5,0,0,0,-5,0,,,,,,,,,,,,,,,,,,,,,,,,,0,0,0,0,0,0,0,0,,,,
200,FASCIA,8,Right,Fascia Lata,[],199,,,,,,,,,,,,,,,,,,,,,,,,,,,,,,,,,,,,,,,,,,,,,,,,,,,,,,,,,,,,,,,,,,0,-5,0,0,0,-5,0,0,0,-5,,,,,,,,,,,,,,,,,,,,,,,,,0,0,0,0,0,0,0,0,,,,
201,FASCIA,8,Left,Patellar Retinaculum,[],202,,,,,,,,,,,,,,,,,,,,,,,,,,,,,,,,,,,,,,,,,,,,,,,,,,,,,,,,,,,,,,,,,,0,0,0,0,-5,0,0,0,0,0,,,,,,,,,,,,,,,,,,,,,,,,,0,0,0,0,0,0,0,0,,,,
202,FASCIA,8,Right,Patellar Retinaculum,[],201,,,,,,,,,,,,,,,,,,,,,,,,,,,,,,,,,,,,,,,,,,,,,,,,,,,,,,,,,,,,,,,,,,0,0,0,0,0,-5,0,0,0,0,,,,,,,,,,,,,,,,,,,,,,,,,0,0,0,0,0,0,0,0,,,,
203,MUSCLE,9,Left,Gastrocnemius,[],204,,,,,,,,,,,,,,,,,,,,,,,,,,,,,,,,,,,,,,,,,,,,,,,,,,,,,,,,,,,,,,,,,,0,0,0,0,0,0,-4,0,0,0,-2,0,0,0,0,0,0,0,0,0,0,0,0,0,0,0,2,0,4,0,0,0,0,0,7,0,0,0,0,0,8,7,,,,
204,MUSCLE,9,Right,Gastrocnemius,[],203,,,,,,,,,,,,,,,,,,,,,,,,,,,,,,,,,,,,,,,,,,,,,,,,,,,,,,,,,,,,,,,,,,0,0,0,0,0,0,0,-4,0,0,0,-2,0,0,0,0,0,0,0,0,0,0,0,0,0,0,0,2,0,4,0,0,0,0,0,7,0,0,0,0,8,7,,,,
205,MUSCLE,9,Left,Soleus,[],206,,,,,,,,,,,,,,,,,,,,,,,,,,,,,,,,,,,,,,,,,,,,,,,,,,,,,,,,,,,,,,,,,,,,,,,,,,,,-2,0,0,0,0,0,0,0,0,0,0,0,0,0,0,0,2,0,4,0,0,0,0,0,7,0,0,0,0,0,8,7,,,,
206,MUSCLE,9,Right,Soleus,[],205,,,,,,,,,,,,,,,,,,,,,,,,,,,,,,,,,,,,,,,,,,,,,,,,,,,,,,,,,,,,,,,,,,,,,,,,,,,,0,-2,0,0,0,0,0,0,0,0,0,0,0,0,0,0,0,2,0,4,0,0,0,0,0,7,0,0,0,0,8,7,,,,
207,MUSCLE,9,Left,Tibialis Anterior,[],208,,,,,,,,,,,,,,,,,,,,,,,,,,,,,,,,,,,,,,,,,,,,,,,,,,,,,,,,,,,,,,,,,,,,,,,,,,,,-8,0,-8,0,-4,0,0,0,0,0,0,0,0,0,0,0,0,0,-4,0,-2,0,2,0,6,0,0,0,0,0,6,6,,,,
208,MUSCLE,9,Right,Tibialis Anterior,[],207,,,,,,,,,,,,,,,,,,,,,,,,,,,,,,,,,,,,,,,,,,,,,,,,,,,,,,,,,,,,,,,,,,,,,,,,,,,,0,-8,0,-8,0,-4,0,0,0,0,0,0,0,0,0,0,0,0,0,-4,0,-2,0,2,0,6,0,0,0,0,6,6,,,,
209,MUSCLE,9,Left,Tibialis Posterior,[9],210,,,,,,,,,,,,,,,,,,,,,,,,,,,,,,,,,,,,,,,,,,,,,,,,,,,,,,,,,,,,,,,,,,,,,,,,,,,,-8,0,-8,0,-4,0,0,0,0,0,0,0,0,0,0,0,0,0,4,0,-2,0,2,0,6,0,0,0,0,0,5,5,,,,
210,MUSCLE,9,Right,Tibialis Posterior,[9],209,,,,,,,,,,,,,,,,,,,,,,,,,,,,,,,,,,,,,,,,,,,,,,,,,,,,,,,,,,,,,,,,,,,,,,,,,,,,0,-8,0,-8,0,-4,0,0,0,0,0,0,0,0,0,0,0,0,0,4,0,-2,0,2,0,6,0,0,0,0,5,5,,,,
211,MUSCLE,9,Left,Peroneus (Fibularis) Longus,[9],212,,,,,,,,,,,,,,,,,,,,,,,,,,,,,,,,,,,,,,,,,,,,,,,,,,,,,,,,,,,,,,,,,,,,,,,,,,,,8,0,0,0,4,0,0,0,0,0,0,0,0,0,0,0,0,0,4,0,2,0,-2,0,6,0,4,0,0,0,5,5,,,,
212,MUSCLE,9,Right,Peroneus (Fibularis) Longus,[9],211,,,,,,,,,,,,,,,,,,,,,,,,,,,,,,,,,,,,,,,,,,,,,,,,,,,,,,,,,,,,,,,,,,,,,,,,,,,,0,8,0,0,0,4,0,0,0,0,0,0,0,0,0,0,0,0,0,4,0,2,0,-2,0,6,0,4,0,0,5,5,,,,
213,MUSCLE,9,Left,Peroneus (Fibularis) Brevis,[],214,,,,,,,,,,,,,,,,,,,,,,,,,,,,,,,,,,,,,,,,,,,,,,,,,,,,,,,,,,,,,,,,,,,,,,,,,,,,8,0,0,0,4,0,0,0,0,0,0,0,0,0,0,0,0,0,4,0,2,0,-2,0,6,0,4,0,0,0,5,5,,,,
214,MUSCLE,9,Right,Peroneus (Fibularis) Brevis,[],213,,,,,,,,,,,,,,,,,,,,,,,,,,,,,,,,,,,,,,,,,,,,,,,,,,,,,,,,,,,,,,,,,,,,,,,,,,,,0,8,0,0,0,4,0,0,0,0,0,0,0,0,0,0,0,0,0,4,0,2,0,-2,0,6,0,4,0,0,5,5,,,,
215,MUSCLE,9,Left,Flexor Digitorum Longus,[],216,,,,,,,,,,,,,,,,,,,,,,,,,,,,,,,,,,,,,,,,,,,,,,,,,,,,,,,,,,,,,,,,,,,,,,,,,,,,0,0,-6,0,0,0,6,0,0,0,0,0,0,0,0,0,0,0,4,0,0,0,0,0,0,0,0,0,0,0,0,0,,,,
216,MUSCLE,9,Right,Flexor Digitorum Longus,[],215,,,,,,,,,,,,,,,,,,,,,,,,,,,,,,,,,,,,,,,,,,,,,,,,,,,,,,,,,,,,,,,,,,,,,,,,,,,,0,0,0,-6,0,0,0,6,0,0,0,0,0,0,0,0,0,0,0,4,0,0,0,0,0,0,0,0,0,0,0,0,,,,
217,MUSCLE,9,Left,Flexor Hallucis Longus,[9],218,,,,,,,,,,,,,,,,,,,,,,,,,,,,,,,,,,,,,,,,,,,,,,,,,,,,,,,,,,,,,,,,,,,,,,,,,,,,0,0,-6,0,0,0,6,0,0,0,0,0,0,0,0,0,0,0,4,0,0,0,0,0,0,0,0,0,0,0,0,0,,,,
218,MUSCLE,9,Right,Flexor Hallucis Longus,[9],217,,,,,,,,,,,,,,,,,,,,,,,,,,,,,,,,,,,,,,,,,,,,,,,,,,,,,,,,,,,,,,,,,,,,,,,,,,,,0,0,0,-6,0,0,0,6,0,0,0,0,0,0,0,0,0,0,0,4,0,0,0,0,0,0,0,0,0,0,0,0,,,,
219,MUSCLE,9,Left,Extensor Digitorum Longus,[],220,,,,,,,,,,,,,,,,,,,,,,,,,,,,,,,,,,,,,,,,,,,,,,,,,,,,,,,,,,,,,,,,,,,,,,,,,,,,0,0,0,0,0,0,-4,0,0,0,0,0,0,0,0,0,0,0,-4,0,0,0,0,0,0,0,0,0,0,0,0,0,,,,
220,MUSCLE,9,Right,Extensor Digitorum Longus,[],219,,,,,,,,,,,,,,,,,,,,,,,,,,,,,,,,,,,,,,,,,,,,,,,,,,,,,,,,,,,,,,,,,,,,,,,,,,,,0,0,0,0,0,0,0,-4,0,0,0,0,0,0,0,0,0,0,0,-4,0,0,0,0,0,0,0,0,0,0,0,0,,,,
221,MUSCLE,9,Left,Extensor Hallucis Longus,[9],222,,,,,,,,,,,,,,,,,,,,,,,,,,,,,,,,,,,,,,,,,,,,,,,,,,,,,,,,,,,,,,,,,,,,,,,,,,,,0,0,0,0,0,0,-4,0,0,0,0,0,0,0,0,0,0,0,-4,0,0,0,0,0,0,0,0,0,0,0,0,0,,,,
222,MUSCLE,9,Right,Extensor Hallucis Longus,[9],221,,,,,,,,,,,,,,,,,,,,,,,,,,,,,,,,,,,,,,,,,,,,,,,,,,,,,,,,,,,,,,,,,,,,,,,,,,,,0,0,0,0,0,0,0,-4,0,0,0,0,0,0,0,0,0,0,0,-4,0,0,0,0,0,0,0,0,0,0,0,0,,,,
223,FASCIA,9,Left,Crural Fascia,[],224,,,,,,,,,,,,,,,,,,,,,,,,,,,,,,,,,,,,,,,,,,,,,,,,,,,,,,,,,,,,,,,,,,,,,,,,,,,,0,0,0,0,0,0,0,0,0,0,0,0,0,0,0,0,0,0,0,0,0,0,0,0,0,0,0,0,0,0,0,0,,,,
224,FASCIA,9,Right,Crural Fascia,[],223,,,,,,,,,,,,,,,,,,,,,,,,,,,,,,,,,,,,,,,,,,,,,,,,,,,,,,,,,,,,,,,,,,,,,,,,,,,,0,0,0,0,0,0,0,0,0,0,0,0,0,0,0,0,0,0,0,0,0,0,0,0,0,0,0,0,0,0,0,0,,,,
225,FASCIA,9,Left,Achilles Tendon,[],226,,,,,,,,,,,,,,,,,,,,,,,,,,,,,,,,,,,,,,,,,,,,,,,,,,,,,,,,,,,,,,,,,,,,,,,,,,,,0,0,0,0,0,0,0,0,0,0,0,0,0,0,0,0,2,0,4,0,0,0,0,0,0,0,0,0,0,0,0,0,,,,
226,FASCIA,9,Right,Achilles Tendon,[],225,,,,,,,,,,,,,,,,,,,,,,,,,,,,,,,,,,,,,,,,,,,,,,,,,,,,,,,,,,,,,,,,,,,,,,,,,,,,0,0,0,0,0,0,0,0,0,0,0,0,0,0,0,0,0,2,0,4,0,0,0,0,0,0,0,0,0,0,0,0,,,,
227,MUSCLE,9,Left,Interossei (Foot),[],228,,,,,,,,,,,,,,,,,,,,,,,,,,,,,,,,,,,,,,,,,,,,,,,,,,,,,,,,,,,,,,,,,,,,,,,,,,,,0,0,-6,0,0,0,0,0,0,0,0,0,0,0,0,0,0,0,0,0,0,0,0,0,0,0,0,0,0,0,0,0,,,,
228,MUSCLE,9,Right,Interossei (Foot),[],227,,,,,,,,,,,,,,,,,,,,,,,,,,,,,,,,,,,,,,,,,,,,,,,,,,,,,,,,,,,,,,,,,,,,,,,,,,,,0,0,0,-6,0,0,0,0,0,0,0,0,0,0,0,0,0,0,0,0,0,0,0,0,0,0,0,0,0,0,0,0,,,,
229,MUSCLE,9,Left,Lumbricals (Foot),[],230,,,,,,,,,,,,,,,,,,,,,,,,,,,,,,,,,,,,,,,,,,,,,,,,,,,,,,,,,,,,,,,,,,,,,,,,,,,,0,0,-6,0,0,0,0,0,0,0,0,0,0,0,0,0,0,0,0,0,0,0,0,0,0,0,0,0,0,0,0,0,,,,
230,MUSCLE,9,Right,Lumbricals (Foot),[],229,,,,,,,,,,,,,,,,,,,,,,,,,,,,,,,,,,,,,,,,,,,,,,,,,,,,,,,,,,,,,,,,,,,,,,,,,,,,0,0,0,-6,0,0,0,0,0,0,0,0,0,0,0,0,0,0,0,0,0,0,0,0,0,0,0,0,0,0,0,0,,,,
231,MUSCLE,9,Left,Flexor Digiti Minimi Brevis,[],232,,,,,,,,,,,,,,,,,,,,,,,,,,,,,,,,,,,,,,,,,,,,,,,,,,,,,,,,,,,,,,,,,,,,,,,,,,,,0,0,0,0,0,0,6,0,0,0,0,0,0,0,0,0,0,0,0,0,0,0,0,0,0,0,0,0,0,0,0,0,,,,
232,MUSCLE,9,Right,Flexor Digiti Minimi Brevis,[],231,,,,,,,,,,,,,,,,,,,,,,,,,,,,,,,,,,,,,,,,,,,,,,,,,,,,,,,,,,,,,,,,,,,,,,,,,,,,0,0,0,0,0,0,0,6,0,0,0,0,0,0,0,0,0,0,0,0,0,0,0,0,0,0,0,0,0,0,0,0,,,,
233,MUSCLE,9,Left,Flexor Hallucis Brevis,[],234,,,,,,,,,,,,,,,,,,,,,,,,,,,,,,,,,,,,,,,,,,,,,,,,,,,,,,,,,,,,,,,,,,,,,,,,,,,,0,0,-6,0,0,0,6,0,0,0,0,0,0,0,0,0,0,0,0,0,0,0,0,0,0,0,0,0,0,0,0,0,,,,
234,MUSCLE,9,Right,Flexor Hallucis Brevis,[],233,,,,,,,,,,,,,,,,,,,,,,,,,,,,,,,,,,,,,,,,,,,,,,,,,,,,,,,,,,,,,,,,,,,,,,,,,,,,0,0,0,-6,0,0,0,6,0,0,0,0,0,0,0,0,0,0,0,0,0,0,0,0,0,0,0,0,0,0,0,0,,,,
235,MUSCLE,9,Left,Extensor Hallucis Brevis,[],236,,,,,,,,,,,,,,,,,,,,,,,,,,,,,,,,,,,,,,,,,,,,,,,,,,,,,,,,,,,,,,,,,,,,,,,,,,,,0,0,0,0,0,0,-4,0,0,0,0,0,0,0,0,0,0,0,0,0,0,0,0,0,0,0,0,0,0,0,0,0,,,,
236,MUSCLE,9,Right,Extensor Hallucis Brevis,[],235,,,,,,,,,,,,,,,,,,,,,,,,,,,,,,,,,,,,,,,,,,,,,,,,,,,,,,,,,,,,,,,,,,,,,,,,,,,,0,0,0,0,0,0,0,-4,0,0,0,0,0,0,0,0,0,0,0,0,0,0,0,0,0,0,0,0,0,0,0,0,,,,
237,MUSCLE,9,Left,Flexor Digitorum Brevis,[],238,,,,,,,,,,,,,,,,,,,,,,,,,,,,,,,,,,,,,,,,,,,,,,,,,,,,,,,,,,,,,,,,,,,,,,,,,,,,0,0,-6,0,0,0,6,0,0,0,0,0,0,0,0,0,0,0,0,0,0,0,0,0,0,0,0,0,0,0,0,0,,,,
238,MUSCLE,9,Right,Flexor Digitorum Brevis,[],237,,,,,,,,,,,,,,,,,,,,,,,,,,,,,,,,,,,,,,,,,,,,,,,,,,,,,,,,,,,,,,,,,,,,,,,,,,,,0,0,0,-6,0,0,0,6,0,0,0,0,0,0,0,0,0,0,0,0,0,0,0,0,0,0,0,0,0,0,0,0,,,,
239,MUSCLE,9,Left,Extensor Digitorum Brevis,[],240,,,,,,,,,,,,,,,,,,,,,,,,,,,,,,,,,,,,,,,,,,,,,,,,,,,,,,,,,,,,,,,,,,,,,,,,,,,,0,0,0,0,0,0,-4,0,0,0,0,0,0,0,0,0,0,0,0,0,0,0,0,0,0,0,0,0,0,0,0,0,,,,
240,MUSCLE,9,Right,Extensor Digitorum Brevis,[],239,,,,,,,,,,,,,,,,,,,,,,,,,,,,,,,,,,,,,,,,,,,,,,,,,,,,,,,,,,,,,,,,,,,,,,,,,,,,0,0,0,0,0,0,0,-4,0,0,0,0,0,0,0,0,0,0,0,0,0,0,0,0,0,0,0,0,0,0,0,0,,,,
241,FASCIA,9,Left,Plantar Fascia (Plantar Aponeurosis),[],241,,,,,,,,,,,,,,,,,,,,,,,,,,,,,,,,,,,,,,,,,,,,,,,,,,,,,,,,,,,,,,,,,,,,,,,,,,,,0,0,8,0,0,0,0,0,0,0,0,0,0,0,0,0,0,0,0,0,0,0,0,0,0,0,0,0,0,0,0,0,,,,
242,FASCIA,9,Right,Plantar Fascia (Plantar Aponeurosis),[],242,,,,,,,,,,,,,,,,,,,,,,,,,,,,,,,,,,,,,,,,,,,,,,,,,,,,,,,,,,,,,,,,,,,,,,,,,,,,0,0,0,8,0,0,0,0,0,0,0,0,0,0,0,0,0,0,0,0,0,0,0,0,0,0,0,0,0,0,0,0,,,,
243,FASCIA,9,Left,Flexor Retinaculum,[],244,,,,,,,,,,,,,,,,,,,,,,,,,,,,,,,,,,,,,,,,,,,,,,,,,,,,,,,,,,,,,,,,,,,,,,,,,,,,0,0,0,0,0,0,0,0,0,0,0,0,0,0,0,0,0,0,0,0,0,0,0,0,0,0,0,0,0,0,0,0,,,,
244,FASCIA,9,Right,Flexor Retinaculum,[],243,,,,,,,,,,,,,,,,,,,,,,,,,,,,,,,,,,,,,,,,,,,,,,,,,,,,,,,,,,,,,,,,,,,,,,,,,,,,0,0,0,0,0,0,0,0,0,0,0,0,0,0,0,0,0,0,0,0,0,0,0,0,0,0,0,0,0,0,0,0,,,,
245,FASCIA,9,Left,Extensor Retinaculum,[],245,,,,,,,,,,,,,,,,,,,,,,,,,,,,,,,,,,,,,,,,,,,,,,,,,,,,,,,,,,,,,,,,,,,,,,,,,,,,0,0,0,0,0,0,0,0,0,0,0,0,0,0,0,0,0,0,0,0,0,0,0,0,0,0,0,0,0,0,0,0,,,,
246,FASCIA,9,Right,Extensor Retinaculum,[],245,,,,,,,,,,,,,,,,,,,,,,,,,,,,,,,,,,,,,,,,,,,,,,,,,,,,,,,,,,,,,,,,,,,,,,,,,,,,0,0,0,0,0,0,0,0,0,0,0,0,0,0,0,0,0,0,0,0,0,0,0,0,0,0,0,0,0,0,0,0,,,,
247,FASCIA,9,Left,Peroneal Retinaculum,[],248,,,,,,,,,,,,,,,,,,,,,,,,,,,,,,,,,,,,,,,,,,,,,,,,,,,,,,,,,,,,,,,,,,,,,,,,,,,,0,0,0,0,0,0,0,0,0,0,0,0,0,0,0,0,0,0,0,0,0,0,0,0,0,0,0,0,0,0,0,0,,,,
248,FASCIA,9,Right,Peroneal Retinaculum,[],247,,,,,,,,,,,,,,,,,,,,,,,,,,,,,,,,,,,,,,,,,,,,,,,,,,,,,,,,,,,,,,,,,,,,,,,,,,,,0,0,0,0,0,0,0,0,0,0,0,0,0,0,0,0,0,0,0,0,0,0,0,0,0,0,0,0,0,0,0,0,,,,
