User ID,Move 1,Move 2,Move 3,Move 4,Move 5,Move 6,Move 7,Move 8,Move 9,Move 10
1,Tadasana (1),Utkatasana (4),Malasana (5),Navasana (14),Setu Bandhasana (11),Bhujangasana (15),Marjarasana (19),Bitilasana (20),Adho Mukha Shvanasana (21),Paschimottanasana (40)
2,Tadasana (1),Utkatasana (4),Malasana (5),Navasana (14),Setu Bandhasana (11),Bhujangasana (15),Marjarasana (19),Bitilasana (20),Adho Mukha Shvanasana (21),Paschimottanasana (40)
3,Tadasana (1),Utkatasana (4),Malasana (5),Navasana (14),Setu Bandhasana (11),Bhujangasana (15),Marjarasana (19),Bitilasana (20),Adho Mukha Shvanasana (21),Paschimottanasana (40)
4,Tadasana (1),Utkatasana (4),Malasana (5),Navasana (14),Setu Bandhasana (11),Bhujangasana (15),Marjarasana (19),Bitilasana (20),Adho Mukha Shvanasana (21),Paschimottanasana (40)
5,Tadasana (1),Utkatasana (4),Malasana (5),Navasana (14),Setu Bandhasana (11),Bhujangasana (15),Marjarasana (19),Bitilasana (20),Adho Mukha Shvanasana (21),Paschimottanasana (40)
6,Tadasana (1),Utkatasana (4),Malasana (5),Navasana (14),Setu Bandhasana (11),Bhujangasana (15),Gomukhasana (65),Gomukhasana (66),Vasisthasana (81),Vasisthasana (82)
7,Tadasana (1),Utkatasana (4),Malasana (5),Navasana (14),Setu Bandhasana (11),Bhujangasana (15),Anjaneyasana (59),Anjaneyasana (60),Adho Mukha Shvanasana (21),Paschimottanasana (40)
8,Tadasana (1),Utkatasana (4),Malasana (5),Navasana (14),Setu Bandhasana (11),Bhujangasana (15),Trikonasana (41),Trikonasana (42),Adho Mukha Shvanasana (21),Paschimottanasana (40)
9,Tadasana (1),Utkatasana (4),Malasana (5),Navasana (14),Setu Bandhasana (11),Bhujangasana (15),Supta Matsyendrasana (121),Supta Matsyendrasana (122),Adho Mukha Shvanasana (21),Paschimottanasana (40)
10,Tadasana (1),Utkatasana (4),Malasana (5),Navasana (14),Setu Bandhasana (11),Bhujangasana (15),Vrksasana (87),Vrksasana (88),Adho Mukha Shvanasana (21),Paschimottanasana (40)
11,Tadasana (1),Utkatasana (4),Navasana (14),Setu Bandhasana (11),Bhujangasana (15),Shalabhasana (16),Ustrasana (18),Marjarasana (19),Bitilasana (20),Adho Mukha Shvanasana (21)
12,Tadasana (1),Trikonasana (41),Trikonasana (42),Parivritta Trikonasana (43),Parivritta Trikonasana (44),Navasana (14),Setu Bandhasana (11),Bhujangasana (15),Marjarasana (19),Bitilasana (20)
13,Tadasana (1),Utkatasana (4),Malasana (5),Navasana (14),Setu Bandhasana (11),Bhujangasana (15),Viparita Karani (29),Marjarasana (19),Bitilasana (20),Paschimottanasana (40)
14,Tadasana (1),Utkatasana (4),Malasana (5),Navasana (14),Setu Bandhasana (11),Bhujangasana (15),Ustrasana (18),Marjarasana (19),Bitilasana (20),Paschimottanasana (40)
15,Tadasana (1),Utkatasana (4),Malasana (5),Navasana (14),Setu Bandhasana (11),Bhujangasana (15),Viparita Karani (29),Marjarasana (19),Bitilasana (20),Paschimottanasana (40)
16,Tadasana (1),Utkatasana (4),Navasana (14),Setu Bandhasana (11),Bhujangasana (15),Anjaneyasana (59),Anjaneyasana (60),Marjarasana (19),Adho Mukha Shvanasana (21),Paschimottanasana (40)
17,Tadasana (1),Utkatasana (4),Navasana (14),Setu Bandhasana (11),Bhujangasana (15),Supta Padangusthasana (119),Supta Padangusthasana (120),Marjarasana (19),Adho Mukha Shvanasana (21),Paschimottanasana (40)
18,Tadasana (1),Utkatasana (4),Malasana (5),Navasana (14),Setu Bandhasana (11),Bhujangasana (15),Marjarasana (19),Bitilasana (20),Adho Mukha Shvanasana (21),Paschimottanasana (40)
19,Tadasana (1),Utkatasana (4),Navasana (14),Setu Bandhasana (11),Bhujangasana (15),Phalakasana (23),Supta Matsyendrasana (121),Supta Matsyendrasana (122),Adho Mukha Shvanasana (21),Paschimottanasana (40)
20,Tadasana (1),Utkatasana (4),Navasana (14),Setu Bandhasana (11),Bhujangasana (15),Shalabhasana (16),Ustrasana (18),Trikonasana (41),Trikonasana (42),Adho Mukha Shvanasana (21)
21,Tadasana (1),Trikonasana (41),Trikonasana (42),Navasana (14),Setu Bandhasana (11),Bhujangasana (15),Shalabhasana (16),Ustrasana (18),Marjarasana (19),Bitilasana (20)
22,Tadasana (1),Utkatasana (4),Malasana (5),Navasana (14),Setu Bandhasana (11),Bhujangasana (15),Ustrasana (18),Viparita Karani (29),Marjarasana (19),Paschimottanasana (40)
23,Tadasana (1),Utkatasana (4),Malasana (5),Navasana (14),Setu Bandhasana (11),Bhujangasana (15),Anjaneyasana (59),Viparita Karani (29),Adho Mukha Shvanasana (21),Paschimottanasana (40)
24,Tadasana (1),Utkatasana (4),Navasana (14),Setu Bandhasana (11),Bhujangasana (15),Shalabhasana (16),Ustrasana (18),Marjarasana (19),Bitilasana (20),Adho Mukha Shvanasana (21)
25,Tadasana (1),Trikonasana (41),Trikonasana (42),Navasana (14),Setu Bandhasana (11),Bhujangasana (15),Ustrasana (18),Marjarasana (19),Bitilasana (20),Paschimottanasana (40)
26,Tadasana (1),Utkatasana (4),Malasana (5),Navasana (14),Setu Bandhasana (11),Bhujangasana (15),Viparita Karani (29),Supta Matsyendrasana (121),Supta Matsyendrasana (122),Paschimottanasana (40)
27,Tadasana (1),Utkatasana (4),Navasana (14),Setu Bandhasana (11),Bhujangasana (15),Anjaneyasana (59),Anjaneyasana (60),Phalakasana (23),Adho Mukha Shvanasana (21),Paschimottanasana (40)
28,Tadasana (1),Utkatasana (4),Navasana (14),Setu Bandhasana (11),Bhujangasana (15),Shalabhasana (16),Ustrasana (18),Viparita Karani (29),Marjarasana (19),Bitilasana (20)
29,Tadasana (1),Trikonasana (41),Trikonasana (42),Navasana (14),Setu Bandhasana (11),Bhujangasana (15),Supta Padangusthasana (119),Supta Padangusthasana (120),Adho Mukha Shvanasana (21),Paschimottanasana (40)
30,Tadasana (1),Utkatasana (4),Malasana (5),Navasana (14),Setu Bandhasana (11),Bhujangasana (15),Ustrasana (18),Viparita Karani (29),Marjarasana (19),Paschimottanasana (40)
31,Tadasana (1),Utkatasana (4),Bhujangasana (15),Shalabhasana (16),Dhanurasana (17),Ustrasana (18),Marjarasana (19),Bitilasana (20),Adho Mukha Shvanasana (21),Viparita Karani (29)
32,Tadasana (1),Utkatasana (4),Bhujangasana (15),Shalabhasana (16),Dhanurasana (17),Ustrasana (18),Marjarasana (19),Bitilasana (20),Adho Mukha Shvanasana (21),Viparita Karani (29)
33,Tadasana (1),Gomukhasana (65),Gomukhasana (66),Bhujangasana (15),Shalabhasana (16),Dhanurasana (17),Ustrasana (18),Marjarasana (19),Bitilasana (20),Viparita Karani (29)
34,Tadasana (1),Utkatasana (4),Bhujangasana (15),Shalabhasana (16),Dhanurasana (17),Ustrasana (18),Marjarasana (19),Bitilasana (20),Adho Mukha Shvanasana (21),Viparita Karani (29)
35,Tadasana (1),Utkatasana (4),Bhujangasana (15),Shalabhasana (16),Dhanurasana (17),Ustrasana (18),Marjarasana (19),Bitilasana (20),Adho Mukha Shvanasana (21),Viparita Karani (29)
36,Tadasana (1),Vasisthasana (81),Vasisthasana (82),Bhujangasana (15),Shalabhasana (16),Dhanurasana (17),Ustrasana (18),Marjarasana (19),Bitilasana (20),Viparita Karani (29)
37,Tadasana (1),Vasisthasana (81),Vasisthasana (82),Bhujangasana (15),Shalabhasana (16),Dhanurasana (17),Ustrasana (18),Marjarasana (19),Bitilasana (20),Viparita Karani (29)
38,Tadasana (1),Utkatasana (4),Bhujangasana (15),Shalabhasana (16),Dhanurasana (17),Ustrasana (18),Marjarasana (19),Bitilasana (20),Adho Mukha Shvanasana (21),Viparita Karani (29)
39,Tadasana (1),Vasisthasana (81),Vasisthasana (82),Bhujangasana (15),Shalabhasana (16),Dhanurasana (17),Ustrasana (18),Marjarasana (19),Bitilasana (20),Viparita Karani (29)
40,Tadasana (1),Parighasana (57),Parighasana (58),Bhujangasana (15),Shalabhasana (16),Dhanurasana (17),Ustrasana (18),Marjarasana (19),Bitilasana (20),Viparita Karani (29)
41,Tadasana (1),Matsyasana (13),Bhujangasana (15),Shalabhasana (16),Dhanurasana (17),Ustrasana (18),Marjarasana (19),Bitilasana (20),Adho Mukha Shvanasana (21),Viparita Karani (29)
42,Tadasana (1),Utkatasana (4),Bhujangasana (15),Shalabhasana (16),Dhanurasana (17),Ustrasana (18),Marjarasana (19),Bitilasana (20),Adho Mukha Shvanasana (21),Viparita Karani (29)
43,Tadasana (1),Trikonasana (41),Trikonasana (42),Parivritta Trikonasana (43),Parivritta Trikonasana (44),Bhujangasana (15),Shalabhasana (16),Dhanurasana (17),Ustrasana (18),Viparita Karani (29)
44,Tadasana (1),Utkatasana (4),Bhujangasana (15),Shalabhasana (16),Dhanurasana (17),Ustrasana (18),Anjaneyasana (59),Anjaneyasana (60),Adho Mukha Shvanasana (21),Viparita Karani (29)
45,Tadasana (1),Utkatasana (4),Bhujangasana (15),Shalabhasana (16),Dhanurasana (17),Ustrasana (18),Supta Matsyendrasana (121),Supta Matsyendrasana (122),Adho Mukha Shvanasana (21),Viparita Karani (29)
46,Tadasana (1),Setu Bandhasana (11),Navasana (14),Vasisthasana (81),Vasisthasana (82),Bhujangasana (15),Shalabhasana (16),Dhanurasana (17),Ustrasana (18),Viparita Karani (29)
47,Tadasana (1),Utkatasana (4),Bhujangasana (15),Shalabhasana (16),Dhanurasana (17),Ustrasana (18),Navasana (14),Paschimottanasana (40),Adho Mukha Shvanasana (21),Viparita Karani (29)
48,Tadasana (1),Utkatasana (4),Bhujangasana (15),Shalabhasana (16),Dhanurasana (17),Ustrasana (18),Phalakasana (23),Navasana (14),Adho Mukha Shvanasana (21),Viparita Karani (29)
49,Tadasana (1),Utkatasana (4),Bhujangasana (15),Shalabhasana (16),Dhanurasana (17),Ustrasana (18),Navasana (14),Paschimottanasana (40),Adho Mukha Shvanasana (21),Viparita Karani (29)
50,Tadasana (1),Utkatasana (4),Bhujangasana (15),Shalabhasana (16),Dhanurasana (17),Ustrasana (18),Marjarasana (19),Bitilasana (20),Adho Mukha Shvanasana (21),Viparita Karani (29)
51,Tadasana (1),Matsyasana (13),Trikonasana (41),Trikonasana (42),Parivritta Trikonasana (43),Parivritta Trikonasana (44),Bhujangasana (15),Shalabhasana (16),Dhanurasana (17),Ustrasana (18)
52,Tadasana (1),Utkatasana (4),Bhujangasana (15),Shalabhasana (16),Dhanurasana (17),Ustrasana (18),Anjaneyasana (59),Anjaneyasana (60),Adho Mukha Shvanasana (21),Viparita Karani (29)
53,Tadasana (1),Trikonasana (41),Trikonasana (42),Parivritta Trikonasana (43),Parivritta Trikonasana (44),Bhujangasana (15),Shalabhasana (16),Dhanurasana (17),Ustrasana (18),Viparita Karani (29)
54,Tadasana (1),Utkatasana (4),Bhujangasana (15),Shalabhasana (16),Dhanurasana (17),Ustrasana (18),Phalakasana (23),Navasana (14),Adho Mukha Shvanasana (21),Viparita Karani (29)
55,Tadasana (1),Matsyasana (13),Bhujangasana (15),Shalabhasana (16),Dhanurasana (17),Ustrasana (18),Marjarasana (19),Bitilasana (20),Adho Mukha Shvanasana (21),Viparita Karani (29)
56,Tadasana (1),Utkatasana (4),Bhujangasana (15),Shalabhasana (16),Dhanurasana (17),Ustrasana (18),Anjaneyasana (59),Anjaneyasana (60),Adho Mukha Shvanasana (21),Viparita Karani (29)
57,Tadasana (1),Trikonasana (41),Trikonasana (42),Parivritta Trikonasana (43),Parivritta Trikonasana (44),Bhujangasana (15),Shalabhasana (16),Dhanurasana (17),Ustrasana (18),Viparita Karani (29)
58,Tadasana (1),Utkatasana (4),Bhujangasana (15),Shalabhasana (16),Dhanurasana (17),Ustrasana (18),Navasana (14),Paschimottanasana (40),Adho Mukha Shvanasana (21),Viparita Karani (29)
59,Tadasana (1),Utkatasana (4),Bhujangasana (15),Shalabhasana (16),Dhanurasana (17),Ustrasana (18),Phalakasana (23),Navasana (14),Adho Mukha Shvanasana (21),Viparita Karani (29)
60,Tadasana (1),Trikonasana (41),Trikonasana (42),Parivritta Trikonasana (43),Parivritta Trikonasana (44),Bhujangasana (15),Shalabhasana (16),Dhanurasana (17),Ustrasana (18),Viparita Karani (29)
61,Tadasana (1),Utkatasana (4),Navasana (14),Setu Bandhasana (11),Bhujangasana (15),Ustrasana (18),Marjarasana (19),Bitilasana (20),Adho Mukha Shvanasana (21),Paschimottanasana (40)
62,Tadasana (1),Utkatasana (4),Navasana (14),Setu Bandhasana (11),Bhujangasana (15),Ustrasana (18),Marjarasana (19),Bitilasana (20),Adho Mukha Shvanasana (21),Paschimottanasana (40)
63,Tadasana (1),Utkatasana (4),Navasana (14),Setu Bandhasana (11),Bhujangasana (15),Ustrasana (18),Marjarasana (19),Bitilasana (20),Adho Mukha Shvanasana (21),Paschimottanasana (40)
64,Tadasana (1),Utkatasana (4),Navasana (14),Setu Bandhasana (11),Bhujangasana (15),Ustrasana (18),Marjarasana (19),Bitilasana (20),Adho Mukha Shvanasana (21),Paschimottanasana (40)
65,Tadasana (1),Utkatasana (4),Navasana (14),Setu Bandhasana (11),Bhujangasana (15),Ustrasana (18),Marjarasana (19),Bitilasana (20),Adho Mukha Shvanasana (21),Paschimottanasana (40)
66,Tadasana (1),Gomukhasana (65),Gomukhasana (66),Navasana (14),Setu Bandhasana (11),Bhujangasana (15),Ustrasana (18),Marjarasana (19),Bitilasana (20),Paschimottanasana (40)
67,Tadasana (1),Anjaneyasana (59),Anjaneyasana (60),Navasana (14),Setu Bandhasana (11),Bhujangasana (15),Ustrasana (18),Marjarasana (19),Bitilasana (20),Adho Mukha Shvanasana (21)
68,Tadasana (1),Utkatasana (4),Navasana (14),Setu Bandhasana (11),Bhujangasana (15),Ustrasana (18),Trikonasana (41),Trikonasana (42),Adho Mukha Shvanasana (21),Paschimottanasana (40)
69,Tadasana (1),Utkatasana (4),Navasana (14),Setu Bandhasana (11),Bhujangasana (15),Ustrasana (18),Supta Matsyendrasana (121),Supta Matsyendrasana (122),Adho Mukha Shvanasana (21),Paschimottanasana (40)
70,Tadasana (1),Vrksasana (87),Vrksasana (88),Navasana (14),Setu Bandhasana (11),Bhujangasana (15),Ustrasana (18),Marjarasana (19),Bitilasana (20),Adho Mukha Shvanasana (21)
71,Tadasana (1),Utkatasana (4),Navasana (14),Setu Bandhasana (11),Bhujangasana (15),Shalabhasana (16),Ustrasana (18),Marjarasana (19),Bitilasana (20),Adho Mukha Shvanasana (21)
72,Tadasana (1),Trikonasana (41),Trikonasana (42),Parivritta Trikonasana (43),Parivritta Trikonasana (44),Navasana (14),Setu Bandhasana (11),Bhujangasana (15),Marjarasana (19),Bitilasana (20)
73,Tadasana (1),Utkatasana (4),Navasana (14),Setu Bandhasana (11),Bhujangasana (15),Matsyasana (13),Marjarasana (19),Bitilasana (20),Adho Mukha Shvanasana (21),Paschimottanasana (40)
74,Tadasana (1),Utkatasana (4),Navasana (14),Setu Bandhasana (11),Bhujangasana (15),Ustrasana (18),Marjarasana (19),Bitilasana (20),Adho Mukha Shvanasana (21),Paschimottanasana (40)
75,Tadasana (1),Utkatasana (4),Navasana (14),Setu Bandhasana (11),Bhujangasana (15),Ustrasana (18),Marjarasana (19),Bitilasana (20),Adho Mukha Shvanasana (21),Paschimottanasana (40)
76,Tadasana (1),Anjaneyasana (59),Anjaneyasana (60),Navasana (14),Setu Bandhasana (11),Bhujangasana (15),Ustrasana (18),Marjarasana (19),Bitilasana (20),Adho Mukha Shvanasana (21)
77,Tadasana (1),Supta Padangusthasana (119),Supta Padangusthasana (120),Navasana (14),Setu Bandhasana (11),Bhujangasana (15),Ustrasana (18),Marjarasana (19),Bitilasana (20),Paschimottanasana (40)
78,Tadasana (1),Utkatasana (4),Navasana (14),Setu Bandhasana (11),Bhujangasana (15),Ustrasana (18),Marjarasana (19),Bitilasana (20),Adho Mukha Shvanasana (21),Paschimottanasana (40)
79,Tadasana (1),Utkatasana (4),Navasana (14),Setu Bandhasana (11),Bhujangasana (15),Ustrasana (18),Marjarasana (19),Bitilasana (20),Adho Mukha Shvanasana (21),Paschimottanasana (40)
80,Tadasana (1),Utkatasana (4),Navasana (14),Setu Bandhasana (11),Bhujangasana (15),Shalabhasana (16),Ustrasana (18),Marjarasana (19),Bitilasana (20),Adho Mukha Shvanasana (21)
81,Tadasana (1),Trikonasana (41),Trikonasana (42),Parivritta Trikonasana (43),Parivritta Trikonasana (44),Navasana (14),Setu Bandhasana (11),Bhujangasana (15),Marjarasana (19),Bitilasana (20)
82,Tadasana (1),Utkatasana (4),Navasana (14),Setu Bandhasana (11),Bhujangasana (15),Ustrasana (18),Marjarasana (19),Bitilasana (20),Adho Mukha Shvanasana (21),Paschimottanasana (40)
83,Tadasana (1),Anjaneyasana (59),Anjaneyasana (60),Navasana (14),Setu Bandhasana (11),Bhujangasana (15),Ustrasana (18),Marjarasana (19),Bitilasana (20),Paschimottanasana (40)
84,Tadasana (1),Utkatasana (4),Navasana (14),Setu Bandhasana (11),Bhujangasana (15),Shalabhasana (16),Ustrasana (18),Marjarasana (19),Bitilasana (20),Adho Mukha Shvanasana (21)
85,Tadasana (1),Trikonasana (41),Trikonasana (42),Navasana (14),Setu Bandhasana (11),Bhujangasana (15),Ustrasana (18),Marjarasana (19),Bitilasana (20),Paschimottanasana (40)
86,Tadasana (1),Utkatasana (4),Navasana (14),Setu Bandhasana (11),Bhujangasana (15),Ustrasana (18),Marjarasana (19),Bitilasana (20),Adho Mukha Shvanasana (21),Paschimottanasana (40)
87,Tadasana (1),Anjaneyasana (59),Anjaneyasana (60),Navasana (14),Setu Bandhasana (11),Bhujangasana (15),Ustrasana (18),Marjarasana (19),Bitilasana (20),Paschimottanasana (40)
88,Tadasana (1),Utkatasana (4),Navasana (14),Setu Bandhasana (11),Bhujangasana (15),Shalabhasana (16),Ustrasana (18),Marjarasana (19),Bitilasana (20),Adho Mukha Shvanasana (21)
89,Tadasana (1),Trikonasana (41),Trikonasana (42),Navasana (14),Setu Bandhasana (11),Bhujangasana (15),Ustrasana (18),Marjarasana (19),Bitilasana (20),Paschimottanasana (40)
90,Tadasana (1),Utkatasana (4),Navasana (14),Setu Bandhasana (11),Bhujangasana (15),Ustrasana (18),Marjarasana (19),Bitilasana (20),Adho Mukha Shvanasana (21),Paschimottanasana (40)
91,Tadasana (1),Utkatasana (4),Navasana (14),Setu Bandhasana (11),Bhujangasana (15),Marjarasana (19),Bitilasana (20),Adho Mukha Shvanasana (21),Paschimottanasana (40),Viparita Karani (29)
92,Tadasana (1),Utkatasana (4),Navasana (14),Setu Bandhasana (11),Bhujangasana (15),Marjarasana (19),Bitilasana (20),Adho Mukha Shvanasana (21),Paschimottanasana (40),Viparita Karani (29)
93,Tadasana (1),Utkatasana (4),Navasana (14),Setu Bandhasana (11),Bhujangasana (15),Marjarasana (19),Bitilasana (20),Adho Mukha Shvanasana (21),Paschimottanasana (40),Viparita Karani (29)
94,Tadasana (1),Utkatasana (4),Navasana (14),Setu Bandhasana (11),Bhujangasana (15),Marjarasana (19),Bitilasana (20),Adho Mukha Shvanasana (21),Paschimottanasana (40),Viparita Karani (29)
95,Tadasana (1),Utkatasana (4),Navasana (14),Setu Bandhasana (11),Bhujangasana (15),Marjarasana (19),Bitilasana (20),Adho Mukha Shvanasana (21),Paschimottanasana (40),Viparita Karani (29)
96,Tadasana (1),Utkatasana (4),Navasana (14),Setu Bandhasana (11),Bhujangasana (15),Anjaneyasana (59),Anjaneyasana (60),Adho Mukha Shvanasana (21),Paschimottanasana (40),Viparita Karani (29)
97,Tadasana (1),Utkatasana (4),Navasana (14),Setu Bandhasana (11),Bhujangasana (15),Anjaneyasana (59),Anjaneyasana (60),Adho Mukha Shvanasana (21),Paschimottanasana (40),Viparita Karani (29)
98,Tadasana (1),Utkatasana (4),Navasana (14),Setu Bandhasana (11),Bhujangasana (15),Marjarasana (19),Bitilasana (20),Adho Mukha Shvanasana (21),Paschimottanasana (40),Viparita Karani (29)
99,Tadasana (1),Utkatasana (4),Navasana (14),Setu Bandhasana (11),Bhujangasana (15),Anjaneyasana (59),Anjaneyasana (60),Adho Mukha Shvanasana (21),Paschimottanasana (40),Viparita Karani (29)
100,Tadasana (1),Utkatasana (4),Navasana (14),Setu Bandhasana (11),Bhujangasana (15),Vrksasana (87),Vrksasana (88),Adho Mukha Shvanasana (21),Paschimottanasana (40),Viparita Karani (29)
101,Tadasana (1),Utkatasana (4),Navasana (14),Setu Bandhasana (11),Bhujangasana (15),Shalabhasana (16),Ustrasana (18),Adho Mukha Shvanasana (21),Paschimottanasana (40),Viparita Karani (29)
102,Tadasana (1),Utkatasana (4),Navasana (14),Setu Bandhasana (11),Bhujangasana (15),Shalabhasana (16),Matsyasana (13),Adho Mukha Shvanasana (21),Paschimottanasana (40),Viparita Karani (29)
103,Tadasana (1),Utkatasana (4),Navasana (14),Setu Bandhasana (11),Bhujangasana (15),Gomukhasana (65),Gomukhasana (66),Adho Mukha Shvanasana (21),Paschimottanasana (40),Viparita Karani (29)
104,Tadasana (1),Navasana (14),Setu Bandhasana (11),Bhujangasana (15),Adho Mukha Shvanasana (21),Paschimottanasana (40),Trikonasana (41),Trikonasana (42),Parivritta Trikonasana (43),Parivritta Trikonasana (44)
105,Tadasana (1),Utkatasana (4),Navasana (14),Setu Bandhasana (11),Bhujangasana (15),Anjaneyasana (59),Anjaneyasana (60),Adho Mukha Shvanasana (21),Paschimottanasana (40),Viparita Karani (29)
106,Tadasana (1),Navasana (14),Setu Bandhasana (11),Bhujangasana (15),Ustrasana (18),Bitilasana (20),Adho Mukha Shvanasana (21),Vasisthasana (81),Vasisthasana (82),Viparita Karani (29)
107,Tadasana (1),Utkatasana (4),Navasana (14),Setu Bandhasana (11),Bhujangasana (15),Shalabhasana (16),Matsyasana (13),Adho Mukha Shvanasana (21),Paschimottanasana (40),Viparita Karani (29)
108,Tadasana (1),Utkatasana (4),Navasana (14),Setu Bandhasana (11),Bhujangasana (15),Phalakasana (23),Adho Mukha Shvanasana (21),Paschimottanasana (40),Viparita Karani (29),Shavasana (30)
109,Tadasana (1),Utkatasana (4),Navasana (14),Setu Bandhasana (11),Bhujangasana (15),Supta Padangusthasana (119),Supta Padangusthasana (120),Adho Mukha Shvanasana (21),Paschimottanasana (40),Viparita Karani (29)
110,Tadasana (1),Utkatasana (4),Navasana (14),Setu Bandhasana (11),Bhujangasana (15),Shalabhasana (16),Ustrasana (18),Adho Mukha Shvanasana (21),Paschimottanasana (40),Viparita Karani (29)
111,Tadasana (1),Utkatasana (4),Navasana (14),Setu Bandhasana (11),Bhujangasana (15),Shalabhasana (16),Ustrasana (18),Matsyasana (13),Adho Mukha Shvanasana (21),Viparita Karani (29)
112,Tadasana (1),Navasana (14),Setu Bandhasana (11),Bhujangasana (15),Adho Mukha Shvanasana (21),Paschimottanasana (40),Trikonasana (41),Trikonasana (42),Parivritta Trikonasana (43),Parivritta Trikonasana (44)
113,Tadasana (1),Utkatasana (4),Navasana (14),Setu Bandhasana (11),Bhujangasana (15),Gomukhasana (65),Gomukhasana (66),Adho Mukha Shvanasana (21),Paschimottanasana (40),Viparita Karani (29)
114,Tadasana (1),Utkatasana (4),Navasana (14),Setu Bandhasana (11),Bhujangasana (15),Shalabhasana (16),Matsyasana (13),Adho Mukha Shvanasana (21),Paschimottanasana (40),Viparita Karani (29)
115,Tadasana (1),Utkatasana (4),Navasana (14),Setu Bandhasana (11),Bhujangasana (15),Shalabhasana (16),Ustrasana (18),Adho Mukha Shvanasana (21),Paschimottanasana (40),Viparita Karani (29)
116,Tadasana (1),Utkatasana (4),Navasana (14),Setu Bandhasana (11),Bhujangasana (15),Supta Padangusthasana (119),Supta Padangusthasana (120),Adho Mukha Shvanasana (21),Paschimottanasana (40),Viparita Karani (29)
117,Tadasana (1),Navasana (14),Setu Bandhasana (11),Bhujangasana (15),Ustrasana (18),Bitilasana (20),Trikonasana (41),Trikonasana (42),Parivritta Trikonasana (43),Parivritta Trikonasana (44)
118,Tadasana (1),Utkatasana (4),Navasana (14),Setu Bandhasana (11),Bhujangasana (15),Shalabhasana (16),Matsyasana (13),Adho Mukha Shvanasana (21),Paschimottanasana (40),Viparita Karani (29)
119,Tadasana (1),Utkatasana (4),Navasana (14),Setu Bandhasana (11),Bhujangasana (15),Shalabhasana (16),Ustrasana (18),Adho Mukha Shvanasana (21),Paschimottanasana (40),Viparita Karani (29)
120,Tadasana (1),Utkatasana (4),Navasana (14),Setu Bandhasana (11),Bhujangasana (15),Gomukhasana (65),Gomukhasana (66),Adho Mukha Shvanasana (21),Paschimottanasana (40),Viparita Karani (29)
121,Trikonasana Right (41),Trikonasana Left (42),Parivritta Trikonasana Right (43),Parivritta Trikonasana Left (44),Parighasana Right (57),Parighasana Left (58),Bharadvajasana Right (67),Bharadvajasana Left (68),Vasisthasana Right (81),Vasisthasana Left (82)
122,Trikonasana Right (41),Trikonasana Left (42),Parivritta Trikonasana Right (43),Parivritta Trikonasana Left (44),Parighasana Right (57),Parighasana Left (58),Bharadvajasana Right (67),Bharadvajasana Left (68),Vasisthasana Right (81),Vasisthasana Left (82)
123,Trikonasana Right (41),Trikonasana Left (42),Parivritta Trikonasana Right (43),Parivritta Trikonasana Left (44),Parighasana Right (57),Parighasana Left (58),Bharadvajasana Right (67),Bharadvajasana Left (68),Vasisthasana Right (81),Vasisthasana Left (82)
124,Trikonasana Right (41),Trikonasana Left (42),Parivritta Trikonasana Right (43),Parivritta Trikonasana Left (44),Parighasana Right (57),Parighasana Left (58),Bharadvajasana Right (67),Bharadvajasana Left (68),Vasisthasana Right (81),Vasisthasana Left (82)
125,Trikonasana Right (41),Trikonasana Left (42),Parivritta Trikonasana Right (43),Parivritta Trikonasana Left (44),Parighasana Right (57),Parighasana Left (58),Bharadvajasana Right (67),Bharadvajasana Left (68),Vasisthasana Right (81),Vasisthasana Left (82)
126,Trikonasana Right (41),Trikonasana Left (42),Parivritta Trikonasana Right (43),Parivritta Trikonasana Left (44),Parighasana Right (57),Parighasana Left (58),Bharadvajasana Right (67),Bharadvajasana Left (68),Vasisthasana Right (81),Vasisthasana Left (82)
127,Trikonasana Right (41),Trikonasana Left (42),Parivritta Trikonasana Right (43),Parivritta Trikonasana Left (44),Parighasana Right (57),Parighasana Left (58),Bharadvajasana Right (67),Bharadvajasana Left (68),Vasisthasana Right (81),Vasisthasana Left (82)
128,Trikonasana Right (41),Trikonasana Left (42),Parivritta Trikonasana Right (43),Parivritta Trikonasana Left (44),Parighasana Right (57),Parighasana Left (58),Bharadvajasana Right (67),Bharadvajasana Left (68),Vasisthasana Right (81),Vasisthasana Left (82)
129,Trikonasana Right (41),Trikonasana Left (42),Parivritta Trikonasana Right (43),Parivritta Trikonasana Left (44),Parighasana Right (57),Parighasana Left (58),Bharadvajasana Right (67),Bharadvajasana Left (68),Vasisthasana Right (81),Vasisthasana Left (82)
130,Trikonasana Right (41),Trikonasana Left (42),Parivritta Trikonasana Right (43),Parivritta Trikonasana Left (44),Parighasana Right (57),Parighasana Left (58),Bharadvajasana Right (67),Bharadvajasana Left (68),Vasisthasana Right (81),Vasisthasana Left (82)
131,Trikonasana Right (41),Trikonasana Left (42),Parivritta Trikonasana Right (43),Parivritta Trikonasana Left (44),Parighasana Right (57),Parighasana Left (58),Vasisthasana Right (81),Vasisthasana Left (82),Ustrasana (18),Shalabhasana (16)
132,Trikonasana Right (41),Trikonasana Left (42),Parivritta Trikonasana Right (43),Parivritta Trikonasana Left (44),Vasisthasana Right (81),Vasisthasana Left (82),Anjaneyasana Right (59),Anjaneyasana Left (60),Navasana (14),Paschimottanasana (40)
133,Trikonasana Right (41),Trikonasana Left (42),Supta Matsyendrasana Right (121),Supta Matsyendrasana Left (122),Parighasana Right (57),Parighasana Left (58),Bharadvajasana Right (67),Bharadvajasana Left (68),Shalabhasana (16),Matsyasana (13)
134,Trikonasana Right (41),Trikonasana Left (42),Parivritta Trikonasana Right (43),Parivritta Trikonasana Left (44),Parighasana Right (57),Parighasana Left (58),Bharadvajasana Right (67),Bharadvajasana Left (68),Gomukhasana Right (65),Gomukhasana Left (66)
135,Trikonasana Right (41),Trikonasana Left (42),Supta Matsyendrasana Right (121),Supta Matsyendrasana Left (122),Parighasana Right (57),Parighasana Left (58),Bharadvajasana Right (67),Bharadvajasana Left (68),Shalabhasana (16),Matsyasana (13)
136,Trikonasana Right (41),Trikonasana Left (42),Parivritta Trikonasana Right (43),Parivritta Trikonasana Left (44),Vasisthasana Right (81),Vasisthasana Left (82),Anjaneyasana Right (59),Anjaneyasana Left (60),Bhujangasana (15),Setu Bandhasana (11)
137,Trikonasana Right (41),Trikonasana Left (42),Parivritta Trikonasana Right (43),Parivritta Trikonasana Left (44),Vasisthasana Right (81),Vasisthasana Left (82),Supta Padangusthasana Right (119),Supta Padangusthasana Left (120),Bhujangasana (15),Setu Bandhasana (11)
138,Trikonasana Right (41),Trikonasana Left (42),Parivritta Trikonasana Right (43),Parivritta Trikonasana Left (44),Parighasana Right (57),Parighasana Left (58),Vasisthasana Right (81),Vasisthasana Left (82),Bitilasana (20),Ustrasana (18)
139,Trikonasana Right (41),Trikonasana Left (42),Parivritta Trikonasana Right (43),Parivritta Trikonasana Left (44),Parighasana Right (57),Parighasana Left (58),Vasisthasana Right (81),Vasisthasana Left (82),Phalakasana (23),Navasana (14)
140,Trikonasana Right (41),Trikonasana Left (42),Parivritta Trikonasana Right (43),Parivritta Trikonasana Left (44),Parighasana Right (57),Parighasana Left (58),Vasisthasana Right (81),Vasisthasana Left (82),Navasana (14),Paschimottanasana (40)
141,Trikonasana Right (41),Trikonasana Left (42),Parivritta Trikonasana Right (43),Parivritta Trikonasana Left (44),Ustrasana (18),Shalabhasana (16),Supta Matsyendrasana Right (121),Supta Matsyendrasana Left (122),Bhujangasana (15),Setu Bandhasana (11)
142,Trikonasana Right (41),Trikonasana Left (42),Parivritta Trikonasana Right (43),Parivritta Trikonasana Left (44),Anjaneyasana Right (59),Anjaneyasana Left (60),Vasisthasana Right (81),Navasana (14),Bhujangasana (15),Setu Bandhasana (11)
143,Trikonasana Right (41),Trikonasana Left (42),Supta Matsyendrasana Right (121),Supta Matsyendrasana Left (122),Parighasana Right (57),Parighasana Left (58),Gomukhasana Right (65),Gomukhasana Left (66),Shalabhasana (16),Matsyasana (13)
144,Trikonasana Right (41),Trikonasana Left (42),Parivritta Trikonasana Right (43),Parivritta Trikonasana Left (44),Bitilasana (20),Ustrasana (18),Vasisthasana Right (81),Vasisthasana Left (82),Phalakasana (23),Navasana (14)
145,Trikonasana Right (41),Trikonasana Left (42),Parivritta Trikonasana Right (43),Parivritta Trikonasana Left (44),Supta Padangusthasana Right (119),Supta Padangusthasana Left (120),Vasisthasana Right (81),Vasisthasana Left (82),Navasana (14),Paschimottanasana (40)
146,Trikonasana Right (41),Trikonasana Left (42),Parivritta Trikonasana Right (43),Parivritta Trikonasana Left (44),Ustrasana (18),Shalabhasana (16),Gomukhasana Right (65),Gomukhasana Left (66),Bhujangasana (15),Setu Bandhasana (11)
147,Trikonasana Right (41),Trikonasana Left (42),Supta Matsyendrasana Right (121),Supta Matsyendrasana Left (122),Anjaneyasana Right (59),Anjaneyasana Left (60),Vasisthasana Right (81),Navasana (14),Bhujangasana (15),Setu Bandhasana (11)
148,Trikonasana Right (41),Trikonasana Left (42),Supta Matsyendrasana Right (121),Supta Matsyendrasana Left (122),Parighasana Right (57),Parighasana Left (58),Vasisthasana Right (81),Vasisthasana Left (82),Phalakasana (23),Navasana (14)
149,Trikonasana Right (41),Trikonasana Left (42),Parivritta Trikonasana Right (43),Parivritta Trikonasana Left (44),Anjaneyasana Right (59),Anjaneyasana Left (60),Vasisthasana Right (81),Vasisthasana Left (82),Navasana (14),Paschimottanasana (40)
150,Trikonasana Right (41),Trikonasana Left (42),Supta Matsyendrasana Right (121),Supta Matsyendrasana Left (122),Anjaneyasana Right (59),Anjaneyasana Left (60),Vasisthasana Right (81),Navasana (14),Shalabhasana (16),Matsyasana (13)
151,Trikonasana Right (41),Trikonasana Left (42),Parivritta Trikonasana Right (43),Parivritta Trikonasana Left (44),Parighasana Right (57),Parighasana Left (58),Bharadvajasana Right (67),Bharadvajasana Left (68),Vasisthasana Right (81),Vasisthasana Left (82)
152,Trikonasana Right (41),Trikonasana Left (42),Parivritta Trikonasana Right (43),Parivritta Trikonasana Left (44),Parighasana Right (57),Parighasana Left (58),Bharadvajasana Right (67),Bharadvajasana Left (68),Vasisthasana Right (81),Vasisthasana Left (82)
153,Trikonasana Right (41),Trikonasana Left (42),Parivritta Trikonasana Right (43),Parivritta Trikonasana Left (44),Parighasana Right (57),Parighasana Left (58),Bharadvajasana Right (67),Bharadvajasana Left (68),Vasisthasana Right (81),Vasisthasana Left (82)
154,Trikonasana Right (41),Trikonasana Left (42),Parivritta Trikonasana Right (43),Parivritta Trikonasana Left (44),Parighasana Right (57),Parighasana Left (58),Bharadvajasana Right (67),Bharadvajasana Left (68),Vasisthasana Right (81),Vasisthasana Left (82)
155,Trikonasana Right (41),Trikonasana Left (42),Parivritta Trikonasana Right (43),Parivritta Trikonasana Left (44),Parighasana Right (57),Parighasana Left (58),Bharadvajasana Right (67),Bharadvajasana Left (68),Vasisthasana Right (81),Vasisthasana Left (82)
156,Trikonasana Right (41),Trikonasana Left (42),Parivritta Trikonasana Right (43),Parivritta Trikonasana Left (44),Parighasana Right (57),Parighasana Left (58),Bharadvajasana Right (67),Bharadvajasana Left (68),Vasisthasana Right (81),Vasisthasana Left (82)
157,Trikonasana Right (41),Trikonasana Left (42),Parivritta Trikonasana Right (43),Parivritta Trikonasana Left (44),Parighasana Right (57),Parighasana Left (58),Bharadvajasana Right (67),Bharadvajasana Left (68),Vasisthasana Right (81),Vasisthasana Left (82)
158,Trikonasana Right (41),Trikonasana Left (42),Parivritta Trikonasana Right (43),Parivritta Trikonasana Left (44),Parighasana Right (57),Parighasana Left (58),Bharadvajasana Right (67),Bharadvajasana Left (68),Vasisthasana Right (81),Vasisthasana Left (82)
159,Trikonasana Right (41),Trikonasana Left (42),Parivritta Trikonasana Right (43),Parivritta Trikonasana Left (44),Parighasana Right (57),Parighasana Left (58),Bharadvajasana Right (67),Bharadvajasana Left (68),Vasisthasana Right (81),Vasisthasana Left (82)
160,Trikonasana Right (41),Trikonasana Left (42),Parivritta Trikonasana Right (43),Parivritta Trikonasana Left (44),Parighasana Right (57),Parighasana Left (58),Bharadvajasana Right (67),Bharadvajasana Left (68),Vasisthasana Right (81),Vasisthasana Left (82)
161,Trikonasana Right (41),Trikonasana Left (42),Parivritta Trikonasana Right (43),Parivritta Trikonasana Left (44),Parighasana Right (57),Parighasana Left (58),Ustrasana (18),Shalabhasana (16),Navasana (14),Setu Bandhasana (11)
162,Trikonasana Right (41),Trikonasana Left (42),Parivritta Trikonasana Right (43),Parivritta Trikonasana Left (44),Parighasana Right (57),Parighasana Left (58),Anjaneyasana Right (59),Anjaneyasana Left (60),Navasana (14),Setu Bandhasana (11)
163,Trikonasana Right (41),Trikonasana Left (42),Parivritta Trikonasana Right (43),Parivritta Trikonasana Left (44),Parighasana Right (57),Parighasana Left (58),Supta Matsyendrasana Right (121),Supta Matsyendrasana Left (122),Shalabhasana (16),Matsyasana (13)
164,Trikonasana Right (41),Trikonasana Left (42),Parivritta Trikonasana Right (43),Parivritta Trikonasana Left (44),Parighasana Right (57),Parighasana Left (58),Bharadvajasana Right (67),Bharadvajasana Left (68),Gomukhasana Right (65),Gomukhasana Left (66)
165,Trikonasana Right (41),Trikonasana Left (42),Parivritta Trikonasana Right (43),Parivritta Trikonasana Left (44),Parighasana Right (57),Parighasana Left (58),Supta Matsyendrasana Right (121),Supta Matsyendrasana Left (122),Shalabhasana (16),Matsyasana (13)
166,Trikonasana Right (41),Trikonasana Left (42),Parivritta Trikonasana Right (43),Parivritta Trikonasana Left (44),Anjaneyasana Right (59),Anjaneyasana Left (60),Navasana (14),Setu Bandhasana (11),Parighasana Right (57),Parighasana Left (58)
167,Trikonasana Right (41),Trikonasana Left (42),Parivritta Trikonasana Right (43),Parivritta Trikonasana Left (44),Supta Padangusthasana Right (119),Supta Padangusthasana Left (120),Bharadvajasana Right (67),Bharadvajasana Left (68),Navasana (14),Setu Bandhasana (11)
168,Trikonasana Right (41),Trikonasana Left (42),Parivritta Trikonasana Right (43),Parivritta Trikonasana Left (44),Parighasana Right (57),Parighasana Left (58),Marjarasana (19),Bitilasana (20),Ustrasana (18),Navasana (14)
169,Trikonasana Right (41),Trikonasana Left (42),Parivritta Trikonasana Right (43),Parivritta Trikonasana Left (44),Parighasana Right (57),Parighasana Left (58),Phalakasana (23),Navasana (14),Bharadvajasana Right (67),Bharadvajasana Left (68)
170,Trikonasana Right (41),Trikonasana Left (42),Parivritta Trikonasana Right (43),Parivritta Trikonasana Left (44),Anjaneyasana Right (59),Anjaneyasana Left (60),Navasana (14),Phalakasana (23),Parighasana Right (57),Parighasana Left (58)
171,Tadasana (1),Trikonasana Right (41),Trikonasana Left (42),Parivritta Trikonasana Right (43),Parivritta Trikonasana Left (44),Ustrasana (18),Shalabhasana (16),Supta Matsyendrasana Right (121),Supta Matsyendrasana Left (122),Navasana (14)
172,Tadasana (1),Trikonasana Right (41),Trikonasana Left (42),Parivritta Trikonasana Right (43),Parivritta Trikonasana Left (44),Anjaneyasana Right (59),Anjaneyasana Left (60),Navasana (14),Setu Bandhasana (11),Bhujangasana (15)
173,Tadasana (1),Trikonasana Right (41),Trikonasana Left (42),Parivritta Trikonasana Right (43),Parivritta Trikonasana Left (44),Supta Matsyendrasana Right (121),Supta Matsyendrasana Left (122),Gomukhasana Right (65),Gomukhasana Left (66),Shalabhasana (16)
174,Tadasana (1),Trikonasana Right (41),Trikonasana Left (42),Parivritta Trikonasana Right (43),Parivritta Trikonasana Left (44),Bitilasana (20),Ustrasana (18),Phalakasana (23),Navasana (14),Setu Bandhasana (11)
175,Tadasana (1),Trikonasana Right (41),Trikonasana Left (42),Parivritta Trikonasana Right (43),Parivritta Trikonasana Left (44),Supta Padangusthasana Right (119),Supta Padangusthasana Left (120),Navasana (14),Bhujangasana (15),Setu Bandhasana (11)
176,Tadasana (1),Trikonasana Right (41),Trikonasana Left (42),Parivritta Trikonasana Right (43),Parivritta Trikonasana Left (44),Ustrasana (18),Shalabhasana (16),Gomukhasana Right (65),Gomukhasana Left (66),Navasana (14)
177,Tadasana (1),Trikonasana Right (41),Trikonasana Left (42),Parivritta Trikonasana Right (43),Parivritta Trikonasana Left (44),Anjaneyasana Right (59),Anjaneyasana Left (60),Supta Matsyendrasana Right (121),Supta Matsyendrasana Left (122),Navasana (14)
178,Tadasana (1),Trikonasana Right (41),Trikonasana Left (42),Parivritta Trikonasana Right (43),Parivritta Trikonasana Left (44),Supta Matsyendrasana Right (121),Supta Matsyendrasana Left (122),Phalakasana (23),Navasana (14),Setu Bandhasana (11)
179,Tadasana (1),Trikonasana Right (41),Trikonasana Left (42),Parivritta Trikonasana Right (43),Parivritta Trikonasana Left (44),Anjaneyasana Right (59),Anjaneyasana Left (60),Navasana (14),Bhujangasana (15),Setu Bandhasana (11)
180,Tadasana (1),Trikonasana Right (41),Trikonasana Left (42),Parivritta Trikonasana Right (43),Parivritta Trikonasana Left (44),Bitilasana (20),Ustrasana (18),Phalakasana (23),Navasana (14),Setu Bandhasana (11)
181,Tadasana (1),Bitilasana (20),Marjarasana (19),Adho Mukha Shvanasana (21),Setu Bandhasana (11),Bhujangasana (15),Navasana (14),Paschimottanasana (40),Viparita Karani (29),Shavasana (30)
182,Tadasana (1),Bitilasana (20),Marjarasana (19),Adho Mukha Shvanasana (21),Setu Bandhasana (11),Bhujangasana (15),Navasana (14),Paschimottanasana (40),Viparita Karani (29),Shavasana (30)
183,Tadasana (1),Bitilasana (20),Marjarasana (19),Adho Mukha Shvanasana (21),Setu Bandhasana (11),Bhujangasana (15),Navasana (14),Paschimottanasana (40),Viparita Karani (29),Shavasana (30)
184,Tadasana (1),Bitilasana (20),Marjarasana (19),Adho Mukha Shvanasana (21),Setu Bandhasana (11),Bhujangasana (15),Navasana (14),Paschimottanasana (40),Viparita Karani (29),Shavasana (30)
185,Tadasana (1),Bitilasana (20),Marjarasana (19),Adho Mukha Shvanasana (21),Setu Bandhasana (11),Bhujangasana (15),Navasana (14),Paschimottanasana (40),Viparita Karani (29),Shavasana (30)
186,Tadasana (1),Trikonasana Right (41),Trikonasana Left (42),Parighasana Right (57),Parighasana Left (58),Setu Bandhasana (11),Bhujangasana (15),Navasana (14),Paschimottanasana (40),Shavasana (30)
187,Tadasana (1),Trikonasana Right (41),Trikonasana Left (42),Parighasana Right (57),Parighasana Left (58),Setu Bandhasana (11),Bhujangasana (15),Navasana (14),Paschimottanasana (40),Shavasana (30)
188,Tadasana (1),Trikonasana Right (41),Trikonasana Left (42),Parighasana Right (57),Parighasana Left (58),Setu Bandhasana (11),Bhujangasana (15),Navasana (14),Paschimottanasana (40),Shavasana (30)
189,Tadasana (1),Trikonasana Right (41),Trikonasana Left (42),Parighasana Right (57),Parighasana Left (58),Setu Bandhasana (11),Bhujangasana (15),Navasana (14),Paschimottanasana (40),Shavasana (30)
190,Tadasana (1),Trikonasana Right (41),Trikonasana Left (42),Parighasana Right (57),Parighasana Left (58),Setu Bandhasana (11),Bhujangasana (15),Navasana (14),Paschimottanasana (40),Shavasana (30)
191,Tadasana (1),Ustrasana (18),Shalabhasana (16),Adho Mukha Shvanasana (21),Setu Bandhasana (11),Bhujangasana (15),Navasana (14),Paschimottanasana (40),Viparita Karani (29),Shavasana (30)
192,Tadasana (1),Bitilasana (20),Marjarasana (19),Adho Mukha Shvanasana (21),Setu Bandhasana (11),Bhujangasana (15),Navasana (14),Anjaneyasana Right (59),Anjaneyasana Left (60),Shavasana (30)
193,Tadasana (1),Trikonasana Right (41),Trikonasana Left (42),Parivritta Trikonasana Right (43),Parivritta Trikonasana Left (44),Setu Bandhasana (11),Bhujangasana (15),Navasana (14),Adho Mukha Shvanasana (21),Shavasana (30)
194,Tadasana (1),Bitilasana (20),Marjarasana (19),Adho Mukha Shvanasana (21),Setu Bandhasana (11),Bhujangasana (15),Navasana (14),Supta Matsyendrasana Right (121),Supta Matsyendrasana Left (122),Shavasana (30)
195,Tadasana (1),Bitilasana (20),Marjarasana (19),Adho Mukha Shvanasana (21),Setu Bandhasana (11),Bhujangasana (15),Navasana (14),Gomukhasana Right (65),Gomukhasana Left (66),Shavasana (30)
196,Tadasana (1),Bitilasana (20),Marjarasana (19),Adho Mukha Shvanasana (21),Setu Bandhasana (11),Bhujangasana (15),Navasana (14),Supta Matsyendrasana Right (121),Supta Matsyendrasana Left (122),Shavasana (30)
197,Tadasana (1),Bitilasana (20),Marjarasana (19),Adho Mukha Shvanasana (21),Setu Bandhasana (11),Bhujangasana (15),Navasana (14),Anjaneyasana Right (59),Anjaneyasana Left (60),Shavasana (30)
198,Tadasana (1),Bitilasana (20),Marjarasana (19),Adho Mukha Shvanasana (21),Setu Bandhasana (11),Bhujangasana (15),Navasana (14),Paschimottanasana (40),Anjaneyasana Right (59),Anjaneyasana Left (60)
199,Tadasana (1),Bitilasana (20),Marjarasana (19),Adho Mukha Shvanasana (21),Setu Bandhasana (11),Bhujangasana (15),Navasana (14),Phalakasana (23),Viparita Karani (29),Shavasana (30)
200,Tadasana (1),Trikonasana Right (41),Trikonasana Left (42),Parivritta Trikonasana Right (43),Parivritta Trikonasana Left (44),Setu Bandhasana (11),Bhujangasana (15),Navasana (14),Adho Mukha Shvanasana (21),Shavasana (30)
201,Tadasana (1),Trikonasana Right (41),Trikonasana Left (42),Ustrasana (18),Setu Bandhasana (11),Bhujangasana (15),Navasana (14),Adho Mukha Shvanasana (21),Shalabhasana (16),Shavasana (30)
202,Tadasana (1),Bitilasana (20),Marjarasana (19),Adho Mukha Shvanasana (21),Setu Bandhasana (11),Bhujangasana (15),Navasana (14),Anjaneyasana Right (59),Anjaneyasana Left (60),Supta Matsyendrasana Right (121)
203,Tadasana (1),Trikonasana Right (41),Trikonasana Left (42),Parivritta Trikonasana Right (43),Parivritta Trikonasana Left (44),Setu Bandhasana (11),Bhujangasana (15),Navasana (14),Gomukhasana Right (65),Gomukhasana Left (66)
204,Tadasana (1),Bitilasana (20),Marjarasana (19),Adho Mukha Shvanasana (21),Setu Bandhasana (11),Bhujangasana (15),Navasana (14),Anjaneyasana Right (59),Anjaneyasana Left (60),Supta Matsyendrasana Left (122)
205,Tadasana (1),Bitilasana (20),Marjarasana (19),Adho Mukha Shvanasana (21),Setu Bandhasana (11),Bhujangasana (15),Navasana (14),Gomukhasana Right (65),Gomukhasana Left (66),Supta Matsyendrasana Right (121)
206,Tadasana (1),Bitilasana (20),Marjarasana (19),Adho Mukha Shvanasana (21),Setu Bandhasana (11),Bhujangasana (15),Navasana (14),Supta Matsyendrasana Right (121),Supta Matsyendrasana Left (122),Phalakasana (23)
207,Tadasana (1),Bitilasana (20),Marjarasana (19),Adho Mukha Shvanasana (21),Setu Bandhasana (11),Bhujangasana (15),Navasana (14),Anjaneyasana Right (59),Anjaneyasana Left (60),Phalakasana (23)
208,Tadasana (1),Ustrasana (18),Shalabhasana (16),Adho Mukha Shvanasana (21),Setu Bandhasana (11),Bhujangasana (15),Navasana (14),Paschimottanasana (40),Anjaneyasana Right (59),Anjaneyasana Left (60)
209,Tadasana (1),Bitilasana (20),Marjarasana (19),Adho Mukha Shvanasana (21),Setu Bandhasana (11),Bhujangasana (15),Navasana (14),Phalakasana (23),Shalabhasana (16),Shavasana (30)
210,Tadasana (1),Bitilasana (20),Marjarasana (19),Adho Mukha Shvanasana (21),Setu Bandhasana (11),Bhujangasana (15),Navasana (14),Anjaneyasana Right (59),Anjaneyasana Left (60),Shavasana (30)
211,Tadasana (1),Ustrasana (18),Bhujangasana (15),Matsyasana (13),Adho Mukha Shvanasana (21),Setu Bandhasana (11),Navasana (14),Paschimottanasana (40),Viparita Karani (29),Shavasana (30)
212,Tadasana (1),Ustrasana (18),Bhujangasana (15),Matsyasana (13),Adho Mukha Shvanasana (21),Setu Bandhasana (11),Navasana (14),Paschimottanasana (40),Viparita Karani (29),Shavasana (30)
213,Tadasana (1),Ustrasana (18),Bhujangasana (15),Matsyasana (13),Adho Mukha Shvanasana (21),Setu Bandhasana (11),Navasana (14),Paschimottanasana (40),Viparita Karani (29),Shavasana (30)
214,Tadasana (1),Ustrasana (18),Bhujangasana (15),Matsyasana (13),Adho Mukha Shvanasana (21),Setu Bandhasana (11),Navasana (14),Paschimottanasana (40),Viparita Karani (29),Shavasana (30)
215,Tadasana (1),Ustrasana (18),Bhujangasana (15),Matsyasana (13),Adho Mukha Shvanasana (21),Setu Bandhasana (11),Navasana (14),Paschimottanasana (40),Viparita Karani (29),Shavasana (30)
216,Tadasana (1),Trikonasana Right (41),Trikonasana Left (42),Parivritta Trikonasana Right (43),Parivritta Trikonasana Left (44),Bhujangasana (15),Supta Matsyendrasana Right (121),Supta Matsyendrasana Left (122),Setu Bandhasana (11),Shavasana (30)
217,Tadasana (1),Trikonasana Right (41),Trikonasana Left (42),Parivritta Trikonasana Right (43),Parivritta Trikonasana Left (44),Bhujangasana (15),Supta Matsyendrasana Right (121),Supta Matsyendrasana Left (122),Setu Bandhasana (11),Shavasana (30)
218,Tadasana (1),Trikonasana Right (41),Trikonasana Left (42),Parivritta Trikonasana Right (43),Parivritta Trikonasana Left (44),Bhujangasana (15),Supta Matsyendrasana Right (121),Supta Matsyendrasana Left (122),Setu Bandhasana (11),Shavasana (30)
219,Tadasana (1),Trikonasana Right (41),Trikonasana Left (42),Parivritta Trikonasana Right (43),Parivritta Trikonasana Left (44),Bhujangasana (15),Supta Matsyendrasana Right (121),Supta Matsyendrasana Left (122),Setu Bandhasana (11),Shavasana (30)
220,Tadasana (1),Trikonasana Right (41),Trikonasana Left (42),Parivritta Trikonasana Right (43),Parivritta Trikonasana Left (44),Bhujangasana (15),Supta Matsyendrasana Right (121),Supta Matsyendrasana Left (122),Setu Bandhasana (11),Shavasana (30)
221,Tadasana (1),Ustrasana (18),Bhujangasana (15),Matsyasana (13),Adho Mukha Shvanasana (21),Setu Bandhasana (11),Navasana (14),Dhanurasana (17),Shalabhasana (16),Shavasana (30)
222,Tadasana (1),Ustrasana (18),Bhujangasana (15),Matsyasana (13),Adho Mukha Shvanasana (21),Setu Bandhasana (11),Navasana (14),Gomukhasana Right (65),Gomukhasana Left (66),Shavasana (30)
223,Tadasana (1),Trikonasana Right (41),Trikonasana Left (42),Parivritta Trikonasana Right (43),Parivritta Trikonasana Left (44),Bhujangasana (15),Supta Matsyendrasana Right (121),Supta Matsyendrasana Left (122),Setu Bandhasana (11),Shavasana (30)
224,Tadasana (1),Ustrasana (18),Bhujangasana (15),Matsyasana (13),Adho Mukha Shvanasana (21),Setu Bandhasana (11),Navasana (14),Anjaneyasana Right (59),Anjaneyasana Left (60),Shavasana (30)
225,Tadasana (1),Trikonasana Right (41),Trikonasana Left (42),Parivritta Trikonasana Right (43),Parivritta Trikonasana Left (44),Bhujangasana (15),Supta Matsyendrasana Right (121),Supta Matsyendrasana Left (122),Setu Bandhasana (11),Shavasana (30)
226,Tadasana (1),Trikonasana Right (41),Trikonasana Left (42),Parivritta Trikonasana Right (43),Parivritta Trikonasana Left (44),Ustrasana (18),Bhujangasana (15),Supta Matsyendrasana Right (121),Supta Matsyendrasana Left (122),Shavasana (30)
227,Tadasana (1),Ustrasana (18),Bhujangasana (15),Matsyasana (13),Adho Mukha Shvanasana (21),Setu Bandhasana (11),Navasana (14),Paschimottanasana (40),Anjaneyasana Right (59),Anjaneyasana Left (60)
228,Tadasana (1),Ustrasana (18),Bhujangasana (15),Matsyasana (13),Adho Mukha Shvanasana (21),Setu Bandhasana (11),Phalakasana (23),Navasana (14),Viparita Karani (29),Shavasana (30)
229,Tadasana (1),Ustrasana (18),Bhujangasana (15),Matsyasana (13),Adho Mukha Shvanasana (21),Setu Bandhasana (11),Navasana (14),Anjaneyasana Right (59),Anjaneyasana Left (60),Shavasana (30)
230,Tadasana (1),Ustrasana (18),Bhujangasana (15),Matsyasana (13),Adho Mukha Shvanasana (21),Setu Bandhasana (11),Navasana (14),Gomukhasana Right (65),Gomukhasana Left (66),Shavasana (30)
231,Tadasana (1),Trikonasana Right (41),Trikonasana Left (42),Parivritta Trikonasana Right (43),Parivritta Trikonasana Left (44),Ustrasana (18),Shalabhasana (16),Bhujangasana (15),Supta Matsyendrasana Right (121),Supta Matsyendrasana Left (122)
232,Tadasana (1),Ustrasana (18),Bhujangasana (15),Matsyasana (13),Adho Mukha Shvanasana (21),Setu Bandhasana (11),Navasana (14),Gomukhasana Right (65),Gomukhasana Left (66),Supta Matsyendrasana Right (121)
233,Tadasana (1),Trikonasana Right (41),Trikonasana Left (42),Parivritta Trikonasana Right (43),Parivritta Trikonasana Left (44),Anjaneyasana Right (59),Anjaneyasana Left (60),Bhujangasana (15),Setu Bandhasana (11),Shavasana (30)
234,Tadasana (1),Trikonasana Right (41),Trikonasana Left (42),Parivritta Trikonasana Right (43),Parivritta Trikonasana Left (44),Navasana (14),Paschimottanasana (40),Bhujangasana (15),Setu Bandhasana (11),Shavasana (30)
235,Tadasana (1),Ustrasana (18),Bhujangasana (15),Matsyasana (13),Adho Mukha Shvanasana (21),Setu Bandhasana (11),Phalakasana (23),Navasana (14),Supta Matsyendrasana Right (121),Supta Matsyendrasana Left (122)
236,Tadasana (1),Ustrasana (18),Shalabhasana (16),Bhujangasana (15),Matsyasana (13),Adho Mukha Shvanasana (21),Setu Bandhasana (11),Navasana (14),Gomukhasana Right (65),Gomukhasana Left (66)
237,Tadasana (1),Ustrasana (18),Bhujangasana (15),Matsyasana (13),Adho Mukha Shvanasana (21),Setu Bandhasana (11),Navasana (14),Anjaneyasana Right (59),Anjaneyasana Left (60),Shavasana (30)
238,Tadasana (1),Trikonasana Right (41),Trikonasana Left (42),Parivritta Trikonasana Right (43),Parivritta Trikonasana Left (44),Bhujangasana (15),Ustrasana (18),Setu Bandhasana (11),Supta Matsyendrasana Right (121),Supta Matsyendrasana Left (122)
239,Tadasana (1),Ustrasana (18),Bhujangasana (15),Matsyasana (13),Adho Mukha Shvanasana (21),Setu Bandhasana (11),Navasana (14),Paschimottanasana (40),Supta Matsyendrasana Right (121),Supta Matsyendrasana Left (122)
240,Tadasana (1),Ustrasana (18),Shalabhasana (16),Bhujangasana (15),Matsyasana (13),Adho Mukha Shvanasana (21),Setu Bandhasana (11),Phalakasana (23),Navasana (14),Shavasana (30)
241,Tadasana (1),Bhujangasana (15),Setu Bandhasana (11),Ustrasana (18),Marjarasana (19),Bitilasana (20),Adho Mukha Shvanasana (21),Phalakasana (23),Dhanurasana (17),Chaturanga Dandasana (24)
242,Tadasana (1),Bhujangasana (15),Setu Bandhasana (11),Ustrasana (18),Marjarasana (19),Bitilasana (20),Adho Mukha Shvanasana (21),Phalakasana (23),Dhanurasana (17),Chaturanga Dandasana (24)
243,Tadasana (1),Bhujangasana (15),Setu Bandhasana (11),Trikonasana Right (41),Trikonasana Left (42),Marjarasana (19),Bitilasana (20),Adho Mukha Shvanasana (21),Phalakasana (23),Dhanurasana (17)
244,Tadasana (1),Bhujangasana (15),Setu Bandhasana (11),Ustrasana (18),Marjarasana (19),Bitilasana (20),Adho Mukha Shvanasana (21),Phalakasana (23),Dhanurasana (17),Chaturanga Dandasana (24)
245,Tadasana (1),Bhujangasana (15),Setu Bandhasana (11),Ustrasana (18),Marjarasana (19),Bitilasana (20),Adho Mukha Shvanasana (21),Phalakasana (23),Dhanurasana (17),Chaturanga Dandasana (24)
246,Tadasana (1),Bhujangasana (15),Setu Bandhasana (11),Trikonasana Right (41),Trikonasana Left (42),Marjarasana (19),Bitilasana (20),Adho Mukha Shvanasana (21),Phalakasana (23),Dhanurasana (17)
247,Tadasana (1),Bhujangasana (15),Setu Bandhasana (11),Trikonasana Right (41),Trikonasana Left (42),Marjarasana (19),Bitilasana (20),Adho Mukha Shvanasana (21),Phalakasana (23),Dhanurasana (17)
248,Tadasana (1),Bhujangasana (15),Setu Bandhasana (11),Ustrasana (18),Marjarasana (19),Bitilasana (20),Adho Mukha Shvanasana (21),Phalakasana (23),Dhanurasana (17),Chaturanga Dandasana (24)
249,Tadasana (1),Bhujangasana (15),Setu Bandhasana (11),Trikonasana Right (41),Trikonasana Left (42),Marjarasana (19),Bitilasana (20),Adho Mukha Shvanasana (21),Phalakasana (23),Dhanurasana (17)
250,Tadasana (1),Bhujangasana (15),Setu Bandhasana (11),Trikonasana Right (41),Trikonasana Left (42),Marjarasana (19),Bitilasana (20),Adho Mukha Shvanasana (21),Phalakasana (23),Dhanurasana (17)
251,Tadasana (1),Bhujangasana (15),Setu Bandhasana (11),Ustrasana (18),Marjarasana (19),Bitilasana (20),Adho Mukha Shvanasana (21),Phalakasana (23),Dhanurasana (17),Chaturanga Dandasana (24)
252,Tadasana (1),Bhujangasana (15),Setu Bandhasana (11),Ustrasana (18),Marjarasana (19),Bitilasana (20),Adho Mukha Shvanasana (21),Phalakasana (23),Dhanurasana (17),Chaturanga Dandasana (24)
253,Tadasana (1),Bhujangasana (15),Setu Bandhasana (11),Trikonasana Right (41),Trikonasana Left (42),Marjarasana (19),Bitilasana (20),Adho Mukha Shvanasana (21),Ardha Chandrasana Right (51),Ardha Chandrasana Left (52)
254,Tadasana (1),Bhujangasana (15),Setu Bandhasana (11),Ustrasana (18),Marjarasana (19),Bitilasana (20),Adho Mukha Shvanasana (21),Phalakasana (23),Navasana (14),Chaturanga Dandasana (24)
255,Tadasana (1),Bhujangasana (15),Setu Bandhasana (11),Ustrasana (18),Marjarasana (19),Bitilasana (20),Adho Mukha Shvanasana (21),Phalakasana (23),Dhanurasana (17),Chaturanga Dandasana (24)
256,Tadasana (1),Bhujangasana (15),Setu Bandhasana (11),Trikonasana Right (41),Trikonasana Left (42),Marjarasana (19),Bitilasana (20),Adho Mukha Shvanasana (21),Phalakasana (23),Dhanurasana (17)
257,Tadasana (1),Bhujangasana (15),Setu Bandhasana (11),Ustrasana (18),Marjarasana (19),Bitilasana (20),Adho Mukha Shvanasana (21),Phalakasana (23),Navasana (14),Chaturanga Dandasana (24)
258,Tadasana (1),Bhujangasana (15),Setu Bandhasana (11),Ustrasana (18),Marjarasana (19),Bitilasana (20),Adho Mukha Shvanasana (21),Phalakasana (23),Dhanurasana (17),Chaturanga Dandasana (24)
259,Tadasana (1),Bhujangasana (15),Setu Bandhasana (11),Ustrasana (18),Marjarasana (19),Bitilasana (20),Adho Mukha Shvanasana (21),Phalakasana (23),Navasana (14),Chaturanga Dandasana (24)
260,Tadasana (1),Bhujangasana (15),Setu Bandhasana (11),Ustrasana (18),Marjarasana (19),Bitilasana (20),Adho Mukha Shvanasana (21),Phalakasana (23),Dhanurasana (17),Chaturanga Dandasana (24)
261,Tadasana (1),Bhujangasana (15),Setu Bandhasana (11),Trikonasana Right (41),Trikonasana Left (42),Marjarasana (19),Bitilasana (20),Adho Mukha Shvanasana (21),Ardha Chandrasana Right (51),Ardha Chandrasana Left (52)
262,Tadasana (1),Bhujangasana (15),Setu Bandhasana (11),Ustrasana (18),Marjarasana (19),Bitilasana (20),Adho Mukha Shvanasana (21),Phalakasana (23),Navasana (14),Chaturanga Dandasana (24)
263,Tadasana (1),Bhujangasana (15),Setu Bandhasana (11),Trikonasana Right (41),Trikonasana Left (42),Marjarasana (19),Bitilasana (20),Adho Mukha Shvanasana (21),Navasana (14),Chaturanga Dandasana (24)
264,Tadasana (1),Bhujangasana (15),Setu Bandhasana (11),Ustrasana (18),Marjarasana (19),Bitilasana (20),Adho Mukha Shvanasana (21),Phalakasana (23),Dhanurasana (17),Chaturanga Dandasana (24)
265,Tadasana (1),Bhujangasana (15),Setu Bandhasana (11),Ustrasana (18),Marjarasana (19),Bitilasana (20),Adho Mukha Shvanasana (21),Phalakasana (23),Dhanurasana (17),Chaturanga Dandasana (24)
266,Tadasana (1),Bhujangasana (15),Setu Bandhasana (11),Ustrasana (18),Marjarasana (19),Bitilasana (20),Adho Mukha Shvanasana (21),Phalakasana (23),Navasana (14),Chaturanga Dandasana (24)
267,Tadasana (1),Bhujangasana (15),Setu Bandhasana (11),Trikonasana Right (41),Trikonasana Left (42),Marjarasana (19),Bitilasana (20),Adho Mukha Shvanasana (21),Ardha Chandrasana Right (51),Ardha Chandrasana Left (52)
268,Tadasana (1),Bhujangasana (15),Setu Bandhasana (11),Ustrasana (18),Marjarasana (19),Bitilasana (20),Adho Mukha Shvanasana (21),Phalakasana (23),Navasana (14),Chaturanga Dandasana (24)
269,Tadasana (1),Bhujangasana (15),Setu Bandhasana (11),Ustrasana (18),Marjarasana (19),Bitilasana (20),Adho Mukha Shvanasana (21),Phalakasana (23),Dhanurasana (17),Chaturanga Dandasana (24)
270,Tadasana (1),Bhujangasana (15),Setu Bandhasana (11),Trikonasana Right (41),Trikonasana Left (42),Marjarasana (19),Bitilasana (20),Adho Mukha Shvanasana (21),Ardha Chandrasana Right (51),Ardha Chandrasana Left (52)
271,Tadasana (1),Marjarasana (19),Bitilasana (20),Bhujangasana (15),Setu Bandhasana (11),Matsyasana (13),Adho Mukha Shvanasana (21),Phalakasana (23),Viparita Karani (29),Shavasana (30)
272,Tadasana (1),Marjarasana (19),Bitilasana (20),Bhujangasana (15),Setu Bandhasana (11),Parighasana Right (57),Parighasana Left (58),Bharadvajasana Right (67),Bharadvajasana Left (68),Shavasana (30)
273,Tadasana (1),Marjarasana (19),Bitilasana (20),Bhujangasana (15),Setu Bandhasana (11),Parighasana Right (57),Parighasana Left (58),Bharadvajasana Right (67),Bharadvajasana Left (68),Shavasana (30)
274,Tadasana (1),Marjarasana (19),Bitilasana (20),Bhujangasana (15),Setu Bandhasana (11),Ustrasana (18),Adho Mukha Shvanasana (21),Phalakasana (23),Chaturanga Dandasana (24),Shavasana (30)
275,Tadasana (1),Marjarasana (19),Bitilasana (20),Bhujangasana (15),Setu Bandhasana (11),Parivritta Trikonasana Right (43),Parivritta Trikonasana Left (44),Adho Mukha Shvanasana (21),Phalakasana (23),Shavasana (30)
276,Tadasana (1),Marjarasana (19),Bitilasana (20),Bhujangasana (15),Setu Bandhasana (11),Parivritta Trikonasana Right (43),Parivritta Trikonasana Left (44),Adho Mukha Shvanasana (21),Phalakasana (23),Shavasana (30)
277,Tadasana (1),Marjarasana (19),Bitilasana (20),Bhujangasana (15),Setu Bandhasana (11),Ustrasana (18),Dhanurasana (17),Navasana (14),Adho Mukha Shvanasana (21),Phalakasana (23)
278,Tadasana (1),Marjarasana (19),Bitilasana (20),Bhujangasana (15),Setu Bandhasana (11),Ardha Chandrasana Right (51),Ardha Chandrasana Left (52),Parivrtta Parsvakonasana Right (55),Parivrtta Parsvakonasana Left (56),Shavasana (30)
279,Tadasana (1),Marjarasana (19),Bitilasana (20),Bhujangasana (15),Setu Bandhasana (11),Ardha Chandrasana Right (51),Ardha Chandrasana Left (52),Parivrtta Parsvakonasana Right (55),Parivrtta Parsvakonasana Left (56),Shavasana (30)
280,Tadasana (1),Marjarasana (19),Bitilasana (20),Bhujangasana (15),Setu Bandhasana (11),Matsyasana (13),Adho Mukha Shvanasana (21),Phalakasana (23),Viparita Karani (29),Shavasana (30)
281,Tadasana (1),Marjarasana (19),Bitilasana (20),Bhujangasana (15),Setu Bandhasana (11),Urdhva Mukha Shvanasana (22),Adho Mukha Shvanasana (21),Phalakasana (23),Viparita Karani (29),Shavasana (30)
282,Tadasana (1),Marjarasana (19),Bitilasana (20),Bhujangasana (15),Setu Bandhasana (11),Dhanurasana (17),Adho Mukha Shvanasana (21),Phalakasana (23),Viparita Karani (29),Shavasana (30)
283,Tadasana (1),Marjarasana (19),Bitilasana (20),Bhujangasana (15),Setu Bandhasana (11),Shalabhasana (16),Ustrasana (18),Adho Mukha Shvanasana (21),Phalakasana (23),Shavasana (30)
284,Tadasana (1),Marjarasana (19),Bitilasana (20),Bhujangasana (15),Setu Bandhasana (11),Trikonasana Right (41),Trikonasana Left (42),Adho Mukha Shvanasana (21),Phalakasana (23),Shavasana (30)
285,Tadasana (1),Marjarasana (19),Bitilasana (20),Bhujangasana (15),Setu Bandhasana (11),Anjaneyasana Right (59),Anjaneyasana Left (60),Adho Mukha Shvanasana (21),Phalakasana (23),Shavasana (30)
286,Tadasana (1),Marjarasana (19),Bitilasana (20),Bhujangasana (15),Setu Bandhasana (11),Matsyasana (13),Adho Mukha Shvanasana (21),Phalakasana (23),Viparita Karani (29),Shavasana (30)
287,Tadasana (1),Marjarasana (19),Bitilasana (20),Bhujangasana (15),Setu Bandhasana (11),Navasana (14),Adho Mukha Shvanasana (21),Phalakasana (23),Viparita Karani (29),Shavasana (30)
288,Tadasana (1),Marjarasana (19),Bitilasana (20),Bhujangasana (15),Setu Bandhasana (11),Phalakasana (23),Chaturanga Dandasana (24),Adho Mukha Shvanasana (21),Viparita Karani (29),Shavasana (30)
289,Tadasana (1),Marjarasana (19),Bitilasana (20),Bhujangasana (15),Setu Bandhasana (11),Navasana (14),Dhanurasana (17),Ustrasana (18),Adho Mukha Shvanasana (21),Phalakasana (23)
290,Tadasana (1),Marjarasana (19),Bitilasana (20),Bhujangasana (15),Setu Bandhasana (11),Trikonasana Right (41),Trikonasana Left (42),Adho Mukha Shvanasana (21),Phalakasana (23),Shavasana (30)
291,Tadasana (1),Marjarasana (19),Bitilasana (20),Bhujangasana (15),Setu Bandhasana (11),Urdhva Mukha Shvanasana (22),Dhanurasana (17),Parighasana Right (57),Parighasana Left (58),Shavasana (30)
292,Tadasana (1),Marjarasana (19),Bitilasana (20),Bhujangasana (15),Setu Bandhasana (11),Ustrasana (18),Dhanurasana (17),Navasana (14),Adho Mukha Shvanasana (21),Phalakasana (23)
293,Tadasana (1),Marjarasana (19),Bitilasana (20),Bhujangasana (15),Setu Bandhasana (11),Trikonasana Right (41),Trikonasana Left (42),Anjaneyasana Right (59),Anjaneyasana Left (60),Shavasana (30)
294,Tadasana (1),Marjarasana (19),Bitilasana (20),Bhujangasana (15),Setu Bandhasana (11),Matsyasana (13),Dhanurasana (17),Adho Mukha Shvanasana (21),Phalakasana (23),Shavasana (30)
295,Tadasana (1),Marjarasana (19),Bitilasana (20),Bhujangasana (15),Setu Bandhasana (11),Navasana (14),Anjaneyasana Right (59),Anjaneyasana Left (60),Adho Mukha Shvanasana (21),Phalakasana (23)
296,Tadasana (1),Marjarasana (19),Bitilasana (20),Bhujangasana (15),Setu Bandhasana (11),Trikonasana Right (41),Trikonasana Left (42),Urdhva Mukha Shvanasana (22),Adho Mukha Shvanasana (21),Phalakasana (23)
297,Tadasana (1),Marjarasana (19),Bitilasana (20),Bhujangasana (15),Setu Bandhasana (11),Shalabhasana (16),Dhanurasana (17),Adho Mukha Shvanasana (21),Phalakasana (23),Shavasana (30)
298,Tadasana (1),Marjarasana (19),Bitilasana (20),Bhujangasana (15),Setu Bandhasana (11),Ustrasana (18),Phalakasana (23),Chaturanga Dandasana (24),Adho Mukha Shvanasana (21),Shavasana (30)
299,Tadasana (1),Marjarasana (19),Bitilasana (20),Bhujangasana (15),Setu Bandhasana (11),Navasana (14),Anjaneyasana Right (59),Anjaneyasana Left (60),Adho Mukha Shvanasana (21),Phalakasana (23)
300,Tadasana (1),Marjarasana (19),Bitilasana (20),Bhujangasana (15),Setu Bandhasana (11),Ustrasana (18),Phalakasana (23),Chaturanga Dandasana (24),Adho Mukha Shvanasana (21),Shavasana (30)
301,Tadasana (1),Navasana (14),Setu Bandhasana (11),Anjaneyasana Right (59),Anjaneyasana Left (60),Marjarasana (19),Bitilasana (20),Adho Mukha Shvanasana (21),Phalakasana (23),Shavasana (30)
302,Tadasana (1),Shalabhasana (16),Dhanurasana (17),Uttanasana (3),Paschimottanasana (40),Marjarasana (19),Bitilasana (20),Adho Mukha Shvanasana (21),Phalakasana (23),Shavasana (30)
303,Tadasana (1),Navasana (14),Setu Bandhasana (11),Anjaneyasana Right (59),Anjaneyasana Left (60),Marjarasana (19),Bitilasana (20),Adho Mukha Shvanasana (21),Phalakasana (23),Shavasana (30)
304,Tadasana (1),Navasana (14),Setu Bandhasana (11),Anjaneyasana Right (59),Anjaneyasana Left (60),Utkatasana (4),Marjarasana (19),Bitilasana (20),Adho Mukha Shvanasana (21),Phalakasana (23)
305,Tadasana (1),Navasana (14),Setu Bandhasana (11),Eka Pada Rajakapotasana Right (63),Eka Pada Rajakapotasana Left (64),Anjaneyasana Right (59),Anjaneyasana Left (60),Marjarasana (19),Bitilasana (20),Adho Mukha Shvanasana (21)
306,Tadasana (1),Anjaneyasana Right (59),Anjaneyasana Left (60),Trikonasana Right (41),Trikonasana Left (42),Navasana (14),Setu Bandhasana (11),Marjarasana (19),Bitilasana (20),Shavasana (30)
307,Tadasana (1),Shalabhasana (16),Dhanurasana (17),Uttanasana (3),Paschimottanasana (40),Trikonasana Right (41),Trikonasana Left (42),Marjarasana (19),Bitilasana (20),Shavasana (30)
308,Tadasana (1),Navasana (14),Setu Bandhasana (11),Eka Pada Rajakapotasana Right (63),Eka Pada Rajakapotasana Left (64),Anjaneyasana Right (59),Anjaneyasana Left (60),Marjarasana (19),Bitilasana (20),Adho Mukha Shvanasana (21)
309,Tadasana (1),Navasana (14),Setu Bandhasana (11),Anjaneyasana Right (59),Anjaneyasana Left (60),Trikonasana Right (41),Trikonasana Left (42),Marjarasana (19),Bitilasana (20),Shavasana (30)
310,Tadasana (1),Shalabhasana (16),Dhanurasana (17),Uttanasana (3),Paschimottanasana (40),Marjarasana (19),Bitilasana (20),Adho Mukha Shvanasana (21),Phalakasana (23),Shavasana (30)
311,Tadasana (1),Navasana (14),Setu Bandhasana (11),Anjaneyasana Right (59),Anjaneyasana Left (60),Matsyasana (13),Marjarasana (19),Bitilasana (20),Adho Mukha Shvanasana (21),Shavasana (30)
312,Tadasana (1),Navasana (14),Setu Bandhasana (11),Anjaneyasana Right (59),Anjaneyasana Left (60),Bhujangasana (15),Ustrasana (18),Marjarasana (19),Bitilasana (20),Shavasana (30)
313,Tadasana (1),Navasana (14),Setu Bandhasana (11),Anjaneyasana Right (59),Anjaneyasana Left (60),Dhanurasana (17),Bhujangasana (15),Marjarasana (19),Bitilasana (20),Shavasana (30)
314,Tadasana (1),Navasana (14),Setu Bandhasana (11),Anjaneyasana Right (59),Anjaneyasana Left (60),Shalabhasana (16),Bhujangasana (15),Marjarasana (19),Bitilasana (20),Shavasana (30)
315,Tadasana (1),Navasana (14),Setu Bandhasana (11),Anjaneyasana Right (59),Anjaneyasana Left (60),Trikonasana Right (41),Trikonasana Left (42),Marjarasana (19),Bitilasana (20),Shavasana (30)
316,Tadasana (1),Navasana (14),Setu Bandhasana (11),Anjaneyasana Right (59),Anjaneyasana Left (60),Matsyasana (13),Marjarasana (19),Bitilasana (20),Adho Mukha Shvanasana (21),Shavasana (30)
317,Tadasana (1),Navasana (14),Setu Bandhasana (11),Anjaneyasana Right (59),Anjaneyasana Left (60),Bhujangasana (15),Marjarasana (19),Bitilasana (20),Adho Mukha Shvanasana (21),Shavasana (30)
318,Tadasana (1),Navasana (14),Setu Bandhasana (11),Eka Pada Rajakapotasana Right (63),Eka Pada Rajakapotasana Left (64),Anjaneyasana Right (59),Anjaneyasana Left (60),Marjarasana (19),Bitilasana (20),Adho Mukha Shvanasana (21)
319,Tadasana (1),Navasana (14),Setu Bandhasana (11),Anjaneyasana Right (59),Anjaneyasana Left (60),Phalakasana (23),Chaturanga Dandasana (24),Marjarasana (19),Bitilasana (20),Shavasana (30)
320,Tadasana (1),Navasana (14),Setu Bandhasana (11),Anjaneyasana Right (59),Anjaneyasana Left (60),Trikonasana Right (41),Trikonasana Left (42),Marjarasana (19),Bitilasana (20),Shavasana (30)
321,Tadasana (1),Navasana (14),Setu Bandhasana (11),Anjaneyasana Right (59),Anjaneyasana Left (60),Bhujangasana (15),Matsyasana (13),Marjarasana (19),Bitilasana (20),Shavasana (30)
322,Tadasana (1),Navasana (14),Setu Bandhasana (11),Anjaneyasana Right (59),Anjaneyasana Left (60),Shalabhasana (16),Dhanurasana (17),Marjarasana (19),Bitilasana (20),Shavasana (30)
323,Tadasana (1),Navasana (14),Setu Bandhasana (11),Anjaneyasana Right (59),Anjaneyasana Left (60),Trikonasana Right (41),Trikonasana Left (42),Matsyasana (13),Marjarasana (19),Bitilasana (20)
324,Tadasana (1),Navasana (14),Setu Bandhasana (11),Anjaneyasana Right (59),Anjaneyasana Left (60),Bhujangasana (15),Ustrasana (18),Marjarasana (19),Bitilasana (20),Shavasana (30)
325,Tadasana (1),Navasana (14),Setu Bandhasana (11),Anjaneyasana Right (59),Anjaneyasana Left (60),Dhanurasana (17),Phalakasana (23),Marjarasana (19),Bitilasana (20),Shavasana (30)
326,Tadasana (1),Navasana (14),Setu Bandhasana (11),Anjaneyasana Right (59),Anjaneyasana Left (60),Trikonasana Right (41),Trikonasana Left (42),Marjarasana (19),Bitilasana (20),Shavasana (30)
327,Tadasana (1),Navasana (14),Setu Bandhasana (11),Anjaneyasana Right (59),Anjaneyasana Left (60),Shalabhasana (16),Bhujangasana (15),Marjarasana (19),Bitilasana (20),Shavasana (30)
328,Tadasana (1),Navasana (14),Setu Bandhasana (11),Anjaneyasana Right (59),Anjaneyasana Left (60),Matsyasana (13),Dhanurasana (17),Marjarasana (19),Bitilasana (20),Shavasana (30)
329,Tadasana (1),Navasana (14),Setu Bandhasana (11),Eka Pada Rajakapotasana Right (63),Eka Pada Rajakapotasana Left (64),Anjaneyasana Right (59),Anjaneyasana Left (60),Bhujangasana (15),Marjarasana (19),Bitilasana (20)
330,Tadasana (1),Navasana (14),Setu Bandhasana (11),Anjaneyasana Right (59),Anjaneyasana Left (60),Trikonasana Right (41),Trikonasana Left (42),Phalakasana (23),Marjarasana (19),Bitilasana (20)
331,Tadasana (1),Navasana (14),Setu Bandhasana (11),Marjarasana (19),Bitilasana (20),Adho Mukha Shvanasana (21),Phalakasana (23),Matsyasana (13),Viparita Karani (29),Shavasana (30)
332,Tadasana (1),Navasana (14),Setu Bandhasana (11),Marjarasana (19),Bitilasana (20),Adho Mukha Shvanasana (21),Phalakasana (23),Matsyasana (13),Viparita Karani (29),Shavasana (30)
333,Tadasana (1),Navasana (14),Setu Bandhasana (11),Marjarasana (19),Bitilasana (20),Adho Mukha Shvanasana (21),Phalakasana (23),Matsyasana (13),Viparita Karani (29),Shavasana (30)
334,Tadasana (1),Navasana (14),Setu Bandhasana (11),Marjarasana (19),Bitilasana (20),Adho Mukha Shvanasana (21),Phalakasana (23),Chaturanga Dandasana (24),Viparita Karani (29),Shavasana (30)
335,Tadasana (1),Navasana (14),Setu Bandhasana (11),Eka Pada Rajakapotasana Right (63),Eka Pada Rajakapotasana Left (64),Marjarasana (19),Bitilasana (20),Adho Mukha Shvanasana (21),Phalakasana (23),Shavasana (30)
336,Tadasana (1),Navasana (14),Setu Bandhasana (11),Anjaneyasana Right (59),Anjaneyasana Left (60),Trikonasana Right (41),Trikonasana Left (42),Marjarasana (19),Bitilasana (20),Shavasana (30)
337,Tadasana (1),Navasana (14),Setu Bandhasana (11),Anjaneyasana Right (59),Anjaneyasana Left (60),Trikonasana Right (41),Trikonasana Left (42),Marjarasana (19),Bitilasana (20),Shavasana (30)
338,Tadasana (1),Navasana (14),Setu Bandhasana (11),Eka Pada Rajakapotasana Right (63),Eka Pada Rajakapotasana Left (64),Marjarasana (19),Bitilasana (20),Adho Mukha Shvanasana (21),Phalakasana (23),Shavasana (30)
339,Tadasana (1),Navasana (14),Setu Bandhasana (11),Eka Pada Rajakapotasana Right (63),Eka Pada Rajakapotasana Left (64),Marjarasana (19),Bitilasana (20),Adho Mukha Shvanasana (21),Phalakasana (23),Shavasana (30)
340,Tadasana (1),Navasana (14),Setu Bandhasana (11),Marjarasana (19),Bitilasana (20),Adho Mukha Shvanasana (21),Phalakasana (23),Matsyasana (13),Viparita Karani (29),Shavasana (30)
341,Tadasana (1),Navasana (14),Setu Bandhasana (11),Bhujangasana (15),Ustrasana (18),Marjarasana (19),Bitilasana (20),Adho Mukha Shvanasana (21),Phalakasana (23),Shavasana (30)
342,Tadasana (1),Navasana (14),Setu Bandhasana (11),Marjarasana (19),Bitilasana (20),Ustrasana (18),Adho Mukha Shvanasana (21),Phalakasana (23),Viparita Karani (29),Shavasana (30)
343,Tadasana (1),Navasana (14),Setu Bandhasana (11),Dhanurasana (17),Marjarasana (19),Bitilasana (20),Adho Mukha Shvanasana (21),Phalakasana (23),Viparita Karani (29),Shavasana (30)
344,Tadasana (1),Navasana (14),Setu Bandhasana (11),Trikonasana Right (41),Trikonasana Left (42),Marjarasana (19),Bitilasana (20),Adho Mukha Shvanasana (21),Phalakasana (23),Shavasana (30)
345,Tadasana (1),Navasana (14),Setu Bandhasana (11),Anjaneyasana Right (59),Anjaneyasana Left (60),Marjarasana (19),Bitilasana (20),Adho Mukha Shvanasana (21),Phalakasana (23),Shavasana (30)
346,Tadasana (1),Navasana (14),Setu Bandhasana (11),Matsyasana (13),Marjarasana (19),Bitilasana (20),Adho Mukha Shvanasana (21),Phalakasana (23),Viparita Karani (29),Shavasana (30)
347,Tadasana (1),Navasana (14),Setu Bandhasana (11),Marjarasana (19),Bitilasana (20),Ustrasana (18),Adho Mukha Shvanasana (21),Phalakasana (23),Viparita Karani (29),Shavasana (30)
348,Tadasana (1),Navasana (14),Setu Bandhasana (11),Phalakasana (23),Chaturanga Dandasana (24),Marjarasana (19),Bitilasana (20),Adho Mukha Shvanasana (21),Viparita Karani (29),Shavasana (30)
349,Tadasana (1),Navasana (14),Setu Bandhasana (11),Marjarasana (19),Bitilasana (20),Adho Mukha Shvanasana (21),Phalakasana (23),Matsyasana (13),Viparita Karani (29),Shavasana (30)
350,Tadasana (1),Navasana (14),Setu Bandhasana (11),Trikonasana Right (41),Trikonasana Left (42),Marjarasana (19),Bitilasana (20),Adho Mukha Shvanasana (21),Phalakasana (23),Shavasana (30)
351,Tadasana (1),Navasana (14),Setu Bandhasana (11),Bhujangasana (15),Ustrasana (18),Dhanurasana (17),Marjarasana (19),Bitilasana (20),Adho Mukha Shvanasana (21),Phalakasana (23)
352,Tadasana (1),Navasana (14),Setu Bandhasana (11),Marjarasana (19),Bitilasana (20),Ustrasana (18),Adho Mukha Shvanasana (21),Phalakasana (23),Viparita Karani (29),Shavasana (30)
353,Tadasana (1),Navasana (14),Setu Bandhasana (11),Anjaneyasana Right (59),Anjaneyasana Left (60),Trikonasana Right (41),Trikonasana Left (42),Marjarasana (19),Bitilasana (20),Shavasana (30)
354,Tadasana (1),Navasana (14),Setu Bandhasana (11),Dhanurasana (17),Matsyasana (13),Marjarasana (19),Bitilasana (20),Adho Mukha Shvanasana (21),Phalakasana (23),Shavasana (30)
355,Tadasana (1),Navasana (14),Setu Bandhasana (11),Anjaneyasana Right (59),Anjaneyasana Left (60),Marjarasana (19),Bitilasana (20),Adho Mukha Shvanasana (21),Phalakasana (23),Shavasana (30)
356,Tadasana (1),Navasana (14),Setu Bandhasana (11),Bhujangasana (15),Ustrasana (18),Marjarasana (19),Bitilasana (20),Adho Mukha Shvanasana (21),Phalakasana (23),Shavasana (30)
357,Tadasana (1),Navasana (14),Setu Bandhasana (11),Dhanurasana (17),Ustrasana (18),Marjarasana (19),Bitilasana (20),Adho Mukha Shvanasana (21),Phalakasana (23),Shavasana (30)
358,Tadasana (1),Navasana (14),Setu Bandhasana (11),Phalakasana (23),Chaturanga Dandasana (24),Trikonasana Right (41),Trikonasana Left (42),Marjarasana (19),Bitilasana (20),Shavasana (30)
359,Tadasana (1),Navasana (14),Setu Bandhasana (11),Anjaneyasana Right (59),Anjaneyasana Left (60),Marjarasana (19),Bitilasana (20),Adho Mukha Shvanasana (21),Phalakasana (23),Shavasana (30)
360,Tadasana (1),Navasana (14),Setu Bandhasana (11),Dhanurasana (17),Matsyasana (13),Marjarasana (19),Bitilasana (20),Adho Mukha Shvanasana (21),Phalakasana (23),Shavasana (30)
361,Tadasana (1),Marjarasana (19),Bitilasana (20),Setu Bandhasana (11),Bhujangasana (15),Dhanurasana (17),Adho Mukha Shvanasana (21),Phalakasana (23),Navasana (14),Shavasana (30)
362,Utkatasana (4),Adho Mukha Shvanasana (21),Phalakasana (23),Matsyasana (13),Shalabhasana (16),Ustrasana (18),Chakrasana (12),Viparita Karani (29),Shavasana (30),Tadasana (1)
363,Trikonasana Right (41),Trikonasana Left (42),Virabhadrasana I Right (45),Virabhadrasana I Left (46),Navasana (14),Shalabhasana (16),Setu Bandhasana (11),Marjarasana (19),Bitilasana (20),Tadasana (1)
364,Sukhasana (7),Vajrasana (8),Balasana (10),Ustrasana (18),Chakrasana (12),Bhujangasana (15),Dhanurasana (17),Adho Mukha Shvanasana (21),Phalakasana (23),Tadasana (1)
365,Tadasana (1),Marjarasana (19),Bitilasana (20),Setu Bandhasana (11),Bhujangasana (15),Dhanurasana (17),Adho Mukha Shvanasana (21),Phalakasana (23),Navasana (14),Shavasana (30)
366,Trikonasana Right (41),Trikonasana Left (42),Virabhadrasana II Right (47),Virabhadrasana II Left (48),Navasana (14),Shalabhasana (16),Setu Bandhasana (11),Marjarasana (19),Bitilasana (20),Tadasana (1)
367,Tadasana (1),Marjarasana (19),Bitilasana (20),Setu Bandhasana (11),Bhujangasana (15),Dhanurasana (17),Adho Mukha Shvanasana (21),Phalakasana (23),Navasana (14),Shavasana (30)
368,Tadasana (1),Navasana (14),Setu Bandhasana (11),Ustrasana (18),Dhanurasana (17),Chakrasana (12),Adho Mukha Shvanasana (21),Phalakasana (23),Chaturanga Dandasana (24),Shavasana (30)
369,Tadasana (1),Marjarasana (19),Bitilasana (20),Setu Bandhasana (11),Bhujangasana (15),Dhanurasana (17),Adho Mukha Shvanasana (21),Phalakasana (23),Navasana (14),Shavasana (30)
370,Tadasana (1),Marjarasana (19),Bitilasana (20),Setu Bandhasana (11),Bhujangasana (15),Dhanurasana (17),Adho Mukha Shvanasana (21),Phalakasana (23),Navasana (14),Shavasana (30)
371,Tadasana (1),Marjarasana (19),Bitilasana (20),Setu Bandhasana (11),Ustrasana (18),Bhujangasana (15),Adho Mukha Shvanasana (21),Phalakasana (23),Navasana (14),Shavasana (30)
372,Tadasana (1),Marjarasana (19),Bitilasana (20),Setu Bandhasana (11),Dhanurasana (17),Bhujangasana (15),Adho Mukha Shvanasana (21),Phalakasana (23),Navasana (14),Ustrasana (18)
373,Tadasana (1),Marjarasana (19),Bitilasana (20),Setu Bandhasana (11),Shalabhasana (16),Urdhva Mukha Shvanasana (22),Adho Mukha Shvanasana (21),Phalakasana (23),Navasana (14),Shavasana (30)
374,Tadasana (1),Marjarasana (19),Bitilasana (20),Setu Bandhasana (11),Anjaneyasana Right (59),Anjaneyasana Left (60),Adho Mukha Shvanasana (21),Phalakasana (23),Navasana (14),Shavasana (30)
375,Tadasana (1),Marjarasana (19),Bitilasana (20),Setu Bandhasana (11),Navasana (14),Adho Mukha Shvanasana (21),Phalakasana (23),Matsyasana (13),Viparita Karani (29),Shavasana (30)
376,Tadasana (1),Trikonasana Right (41),Trikonasana Left (42),Ardha Chandrasana Right (51),Ardha Chandrasana Left (52),Marjarasana (19),Bitilasana (20),Adho Mukha Shvanasana (21),Phalakasana (23),Shavasana (30)
377,Tadasana (1),Marjarasana (19),Bitilasana (20),Setu Bandhasana (11),Ustrasana (18),Bhujangasana (15),Adho Mukha Shvanasana (21),Phalakasana (23),Navasana (14),Shavasana (30)
378,Tadasana (1),Marjarasana (19),Bitilasana (20),Setu Bandhasana (11),Matsyasana (13),Adho Mukha Shvanasana (21),Phalakasana (23),Navasana (14),Viparita Karani (29),Shavasana (30)
379,Tadasana (1),Marjarasana (19),Bitilasana (20),Setu Bandhasana (11),Navasana (14),Adho Mukha Shvanasana (21),Phalakasana (23),Dhanurasana (17),Ustrasana (18),Shavasana (30)
380,Tadasana (1),Marjarasana (19),Bitilasana (20),Setu Bandhasana (11),Shalabhasana (16),Urdhva Mukha Shvanasana (22),Adho Mukha Shvanasana (21),Phalakasana (23),Navasana (14),Shavasana (30)
381,Tadasana (1),Marjarasana (19),Bitilasana (20),Setu Bandhasana (11),Ustrasana (18),Bhujangasana (15),Shalabhasana (16),Adho Mukha Shvanasana (21),Phalakasana (23),Shavasana (30)
382,Tadasana (1),Trikonasana Right (41),Trikonasana Left (42),Ardha Chandrasana Right (51),Ardha Chandrasana Left (52),Dhanurasana (17),Ustrasana (18),Adho Mukha Shvanasana (21),Phalakasana (23),Shavasana (30)
383,Tadasana (1),Marjarasana (19),Bitilasana (20),Setu Bandhasana (11),Anjaneyasana Right (59),Anjaneyasana Left (60),Navasana (14),Adho Mukha Shvanasana (21),Phalakasana (23),Shavasana (30)
384,Tadasana (1),Marjarasana (19),Bitilasana (20),Setu Bandhasana (11),Shalabhasana (16),Matsyasana (13),Adho Mukha Shvanasana (21),Phalakasana (23),Navasana (14),Shavasana (30)
385,Tadasana (1),Marjarasana (19),Bitilasana (20),Setu Bandhasana (11),Ustrasana (18),Bhujangasana (15),Adho Mukha Shvanasana (21),Phalakasana (23),Chaturanga Dandasana (24),Shavasana (30)
386,Tadasana (1),Marjarasana (19),Bitilasana (20),Setu Bandhasana (11),Dhanurasana (17),Navasana (14),Adho Mukha Shvanasana (21),Phalakasana (23),Ustrasana (18),Shavasana (30)
387,Tadasana (1),Trikonasana Right (41),Trikonasana Left (42),Anjaneyasana Right (59),Anjaneyasana Left (60),Ardha Chandrasana Right (51),Ardha Chandrasana Left (52),Adho Mukha Shvanasana (21),Phalakasana (23),Shavasana (30)
388,Tadasana (1),Marjarasana (19),Bitilasana (20),Setu Bandhasana (11),Shalabhasana (16),Ustrasana (18),Adho Mukha Shvanasana (21),Phalakasana (23),Navasana (14),Shavasana (30)
389,Tadasana (1),Marjarasana (19),Bitilasana (20),Setu Bandhasana (11),Dhanurasana (17),Navasana (14),Adho Mukha Shvanasana (21),Phalakasana (23),Ustrasana (18),Shavasana (30)
390,Tadasana (1),Trikonasana Right (41),Trikonasana Left (42),Virabhadrasana III Right (49),Virabhadrasana III Left (50),Marjarasana (19),Bitilasana (20),Adho Mukha Shvanasana (21),Phalakasana (23),Shavasana (30)